"Codice","SESSO","ETA","occ","Regione"
1,1,15,53.916666667,"PIEMONTE"
1,2,55,19228.583333,"PIEMONTE"
1,2,49,25604.25,"PIEMONTE"
1,2,43,24696,"PIEMONTE"
1,2,37,21512.083333,"PIEMONTE"
1,1,28,16650.416667,"PIEMONTE"
1,2,31,16026.833333,"PIEMONTE"
1,2,25,10558.333333,"PIEMONTE"
1,2,19,2385.3333333,"PIEMONTE"
1,2,50,23713.416667,"PIEMONTE"
1,1,64,6412.9166667,"PIEMONTE"
1,1,58,17713.333333,"PIEMONTE"
1,1,52,26816.833333,"PIEMONTE"
1,2,32,16387.916667,"PIEMONTE"
1,1,46,30315.916667,"PIEMONTE"
1,1,40,29204.333333,"PIEMONTE"
1,1,34,21484.416667,"PIEMONTE"
1,1,65,5779.0833333,"PIEMONTE"
1,1,59,15155.666667,"PIEMONTE"
1,1,22,9010.1666667,"PIEMONTE"
1,1,16,192.33333333,"PIEMONTE"
1,2,56,18172.833333,"PIEMONTE"
1,1,41,29309.5,"PIEMONTE"
1,2,44,25895.666667,"PIEMONTE"
1,2,38,23155.916667,"PIEMONTE"
1,1,29,17050.5,"PIEMONTE"
1,1,23,10490.833333,"PIEMONTE"
1,2,26,11432.5,"PIEMONTE"
1,2,20,3820.9166667,"PIEMONTE"
1,2,51,22552.75,"PIEMONTE"
1,2,45,25266.333333,"PIEMONTE"
1,2,39,24247.166667,"PIEMONTE"
1,1,53,25194.583333,"PIEMONTE"
1,2,33,17074.75,"PIEMONTE"
1,1,47,30576.916667,"PIEMONTE"
1,2,21,5052.75,"PIEMONTE"
1,1,35,22963.25,"PIEMONTE"
1,2,15,19.916666667,"PIEMONTE"
1,1,60,13177.416667,"PIEMONTE"
1,1,54,24611.5,"PIEMONTE"
1,1,17,704.66666667,"PIEMONTE"
1,2,57,16020.166667,"PIEMONTE"
1,1,42,29858.5,"PIEMONTE"
1,1,36,24492.916667,"PIEMONTE"
1,2,16,95.916666667,"PIEMONTE"
1,1,30,18348.25,"PIEMONTE"
1,1,24,11858.166667,"PIEMONTE"
1,2,27,12410.5,"PIEMONTE"
1,2,58,13897.166667,"PIEMONTE"
1,2,52,22439.25,"PIEMONTE"
1,2,46,25505.083333,"PIEMONTE"
1,2,40,24140.583333,"PIEMONTE"
1,1,31,19478.583333,"PIEMONTE"
1,2,34,17746.666667,"PIEMONTE"
1,1,48,30663.666667,"PIEMONTE"
1,2,22,6325.1666667,"PIEMONTE"
1,2,53,21069.666667,"PIEMONTE"
1,2,47,25523.25,"PIEMONTE"
1,1,61,10843,"PIEMONTE"
1,1,55,23382.916667,"PIEMONTE"
1,1,18,1939.3333333,"PIEMONTE"
1,1,49,30398.583333,"PIEMONTE"
1,1,43,29552,"PIEMONTE"
1,1,37,25316.666667,"PIEMONTE"
1,2,17,363.58333333,"PIEMONTE"
1,1,62,7982.25,"PIEMONTE"
1,1,25,13220.916667,"PIEMONTE"
1,2,28,13696.333333,"PIEMONTE"
1,2,59,11758.75,"PIEMONTE"
1,1,44,30806.5,"PIEMONTE"
1,1,38,27375.833333,"PIEMONTE"
1,2,41,24600.583333,"PIEMONTE"
1,1,32,19928.833333,"PIEMONTE"
1,2,35,19200.666667,"PIEMONTE"
1,2,29,14131.25,"PIEMONTE"
1,2,23,7761.4166667,"PIEMONTE"
1,2,54,20102.916667,"PIEMONTE"
1,2,48,25548.25,"PIEMONTE"
1,2,42,25342.083333,"PIEMONTE"
1,1,56,22516.5,"PIEMONTE"
1,1,19,3942.75,"PIEMONTE"
1,1,50,28489.583333,"PIEMONTE"
1,2,24,8967.75,"PIEMONTE"
1,2,63,3219.5,"PIEMONTE"
1,2,18,1029.8333333,"PIEMONTE"
1,1,63,7060.6666667,"PIEMONTE"
1,1,26,14073.5,"PIEMONTE"
1,1,20,5924.5833333,"PIEMONTE"
1,2,60,9580.1666667,"PIEMONTE"
1,1,45,29991.25,"PIEMONTE"
1,1,39,28689.916667,"PIEMONTE"
1,2,61,7603.5833333,"PIEMONTE"
1,1,33,20232.416667,"PIEMONTE"
1,2,36,20640.5,"PIEMONTE"
1,2,30,15066.5,"PIEMONTE"
1,1,57,20053,"PIEMONTE"
1,2,65,2262,"PIEMONTE"
1,2,62,4115.5,"PIEMONTE"
1,2,64,2728.9166667,"PIEMONTE"
1,1,51,27085.666667,"PIEMONTE"
1,1,27,15322.25,"PIEMONTE"
1,1,21,7533.1666667,"PIEMONTE"
2,2,37,684.41666667,"VALLE DAOSTA"
2,2,19,99.916666667,"VALLE DAOSTA"
2,2,40,762,"VALLE DAOSTA"
2,1,54,743.58333333,"VALLE DAOSTA"
2,1,53,730.5,"VALLE DAOSTA"
2,1,52,859,"VALLE DAOSTA"
2,1,34,627,"VALLE DAOSTA"
2,1,36,717.66666667,"VALLE DAOSTA"
2,2,39,722,"VALLE DAOSTA"
2,2,41,821.75,"VALLE DAOSTA"
2,1,55,670.83333333,"VALLE DAOSTA"
2,1,57,606.5,"VALLE DAOSTA"
2,2,21,188.08333333,"VALLE DAOSTA"
2,1,35,755.83333333,"VALLE DAOSTA"
2,2,38,760.41666667,"VALLE DAOSTA"
2,1,39,891.41666667,"VALLE DAOSTA"
2,2,42,825.58333333,"VALLE DAOSTA"
2,1,56,656.58333333,"VALLE DAOSTA"
2,2,20,151.83333333,"VALLE DAOSTA"
2,2,22,232.5,"VALLE DAOSTA"
2,2,24,281.58333333,"VALLE DAOSTA"
2,1,38,783.5,"VALLE DAOSTA"
2,2,49,855.75,"VALLE DAOSTA"
2,2,43,824,"VALLE DAOSTA"
2,1,65,191,"VALLE DAOSTA"
2,1,28,531.33333333,"VALLE DAOSTA"
2,2,23,283.16666667,"VALLE DAOSTA"
2,1,37,742.66666667,"VALLE DAOSTA"
2,2,56,568.41666667,"VALLE DAOSTA"
2,2,50,795.75,"VALLE DAOSTA"
2,1,64,193.16666667,"VALLE DAOSTA"
2,1,58,502,"VALLE DAOSTA"
2,1,29,546.83333333,"VALLE DAOSTA"
2,1,15,4.1666666667,"VALLE DAOSTA"
2,2,55,593.25,"VALLE DAOSTA"
2,1,40,889.75,"VALLE DAOSTA"
2,2,51,753.83333333,"VALLE DAOSTA"
2,2,45,817.83333333,"VALLE DAOSTA"
2,1,59,494.16666667,"VALLE DAOSTA"
2,2,31,516.33333333,"VALLE DAOSTA"
2,2,25,360.58333333,"VALLE DAOSTA"
2,1,47,969.75,"VALLE DAOSTA"
2,1,41,853,"VALLE DAOSTA"
2,2,44,890.33333333,"VALLE DAOSTA"
2,2,15,3.8333333333,"VALLE DAOSTA"
2,1,60,418.91666667,"VALLE DAOSTA"
2,2,32,491.58333333,"VALLE DAOSTA"
2,1,46,951.16666667,"VALLE DAOSTA"
2,2,57,510.58333333,"VALLE DAOSTA"
2,1,42,893.91666667,"VALLE DAOSTA"
2,2,53,643.16666667,"VALLE DAOSTA"
2,2,16,7.5,"VALLE DAOSTA"
2,1,30,587.66666667,"VALLE DAOSTA"
2,1,16,13.666666667,"VALLE DAOSTA"
2,2,27,428.41666667,"VALLE DAOSTA"
2,2,58,494.25,"VALLE DAOSTA"
2,2,52,702.33333333,"VALLE DAOSTA"
2,2,46,857.75,"VALLE DAOSTA"
2,2,17,31.333333333,"VALLE DAOSTA"
2,1,31,576.08333333,"VALLE DAOSTA"
2,2,26,380.25,"VALLE DAOSTA"
2,1,48,950.83333333,"VALLE DAOSTA"
2,2,59,421.41666667,"VALLE DAOSTA"
2,1,44,970.91666667,"VALLE DAOSTA"
2,2,47,860.08333333,"VALLE DAOSTA"
2,1,61,337.41666667,"VALLE DAOSTA"
2,2,33,487.58333333,"VALLE DAOSTA"
2,1,18,92.416666667,"VALLE DAOSTA"
2,1,49,1008.8333333,"VALLE DAOSTA"
2,1,43,914.41666667,"VALLE DAOSTA"
2,2,54,689.75,"VALLE DAOSTA"
2,2,48,841.75,"VALLE DAOSTA"
2,1,62,256.83333333,"VALLE DAOSTA"
2,1,17,39,"VALLE DAOSTA"
2,2,28,418.75,"VALLE DAOSTA"
2,1,50,932.08333333,"VALLE DAOSTA"
2,2,61,271.58333333,"VALLE DAOSTA"
2,2,63,131.58333333,"VALLE DAOSTA"
2,2,18,49.083333333,"VALLE DAOSTA"
2,1,32,550.75,"VALLE DAOSTA"
2,2,35,604.83333333,"VALLE DAOSTA"
2,2,29,454.5,"VALLE DAOSTA"
2,2,60,337.75,"VALLE DAOSTA"
2,1,45,921.75,"VALLE DAOSTA"
2,2,64,121.66666667,"VALLE DAOSTA"
2,1,23,341.5,"VALLE DAOSTA"
2,2,34,511.33333333,"VALLE DAOSTA"
2,1,19,166.75,"VALLE DAOSTA"
2,2,30,491.25,"VALLE DAOSTA"
2,1,26,454.33333333,"VALLE DAOSTA"
2,1,25,452.75,"VALLE DAOSTA"
2,2,65,98.416666667,"VALLE DAOSTA"
2,1,63,215.33333333,"VALLE DAOSTA"
2,1,21,259.25,"VALLE DAOSTA"
2,1,20,194.41666667,"VALLE DAOSTA"
2,1,51,810,"VALLE DAOSTA"
2,2,62,139.66666667,"VALLE DAOSTA"
2,1,24,396,"VALLE DAOSTA"
2,1,33,653.83333333,"VALLE DAOSTA"
2,2,36,613.66666667,"VALLE DAOSTA"
2,1,27,444.58333333,"VALLE DAOSTA"
2,1,22,324.66666667,"VALLE DAOSTA"
3,1,60,28361.916667,"LOMBARDIA"
3,2,43,55957.833333,"LOMBARDIA"
3,2,37,50633,"LOMBARDIA"
3,1,52,60949.333333,"LOMBARDIA"
3,2,25,25757.166667,"LOMBARDIA"
3,2,19,5949.8333333,"LOMBARDIA"
3,1,59,32787.166667,"LOMBARDIA"
3,1,58,37350.666667,"LOMBARDIA"
3,2,38,54891.583333,"LOMBARDIA"
3,2,40,56844.083333,"LOMBARDIA"
3,1,54,54934,"LOMBARDIA"
3,1,53,57000.083333,"LOMBARDIA"
3,1,40,71361.333333,"LOMBARDIA"
3,1,34,53584.666667,"LOMBARDIA"
3,2,45,56416.166667,"LOMBARDIA"
3,2,39,56515.75,"LOMBARDIA"
3,1,61,23553.75,"LOMBARDIA"
3,1,55,51401.75,"LOMBARDIA"
3,2,27,30214.333333,"LOMBARDIA"
3,1,41,71006.916667,"LOMBARDIA"
3,2,44,57442.25,"LOMBARDIA"
3,2,46,56461.75,"LOMBARDIA"
3,2,48,56542.75,"LOMBARDIA"
3,1,62,17900.916667,"LOMBARDIA"
3,2,26,28145.333333,"LOMBARDIA"
3,2,20,9501.1666667,"LOMBARDIA"
3,1,42,72248,"LOMBARDIA"
3,1,36,61106.416667,"LOMBARDIA"
3,2,47,56932.666667,"LOMBARDIA"
3,2,41,56392.5,"LOMBARDIA"
3,1,63,15907.75,"LOMBARDIA"
3,1,57,43295.416667,"LOMBARDIA"
3,2,21,12489.416667,"LOMBARDIA"
3,1,35,57667.166667,"LOMBARDIA"
3,1,37,62810.916667,"LOMBARDIA"
3,1,39,70923.833333,"LOMBARDIA"
3,2,42,56325.666667,"LOMBARDIA"
3,1,56,48841.25,"LOMBARDIA"
3,2,28,33486.583333,"LOMBARDIA"
3,2,22,15650.083333,"LOMBARDIA"
3,1,44,73659.583333,"LOMBARDIA"
3,1,38,68161.75,"LOMBARDIA"
3,2,49,55295.75,"LOMBARDIA"
3,2,51,48710.166667,"LOMBARDIA"
3,1,65,12733.166667,"LOMBARDIA"
3,2,29,34800.416667,"LOMBARDIA"
3,1,43,71485.666667,"LOMBARDIA"
3,1,45,71890.5,"LOMBARDIA"
3,2,56,35587.083333,"LOMBARDIA"
3,2,50,51695.833333,"LOMBARDIA"
3,1,64,14418.25,"LOMBARDIA"
3,2,15,26.833333333,"LOMBARDIA"
3,2,30,37096.5,"LOMBARDIA"
3,2,24,22222.5,"LOMBARDIA"
3,2,55,38718.583333,"LOMBARDIA"
3,2,57,30927.083333,"LOMBARDIA"
3,2,59,21845.666667,"LOMBARDIA"
3,2,53,44099.833333,"LOMBARDIA"
3,2,16,155.91666667,"LOMBARDIA"
3,2,23,18830.416667,"LOMBARDIA"
3,1,16,351.83333333,"LOMBARDIA"
3,1,47,73578.083333,"LOMBARDIA"
3,2,58,26450.25,"LOMBARDIA"
3,2,52,46630.5,"LOMBARDIA"
3,2,54,42206.583333,"LOMBARDIA"
3,2,17,735.33333333,"LOMBARDIA"
3,1,15,94.75,"LOMBARDIA"
3,1,46,72054.583333,"LOMBARDIA"
3,1,48,73391.833333,"LOMBARDIA"
3,1,50,66607.416667,"LOMBARDIA"
3,2,61,14826.5,"LOMBARDIA"
3,2,63,6520.6666667,"LOMBARDIA"
3,2,31,39203.833333,"LOMBARDIA"
3,2,33,41657.166667,"LOMBARDIA"
3,1,18,4517.8333333,"LOMBARDIA"
3,1,49,71660.666667,"LOMBARDIA"
3,2,60,18166.583333,"LOMBARDIA"
3,2,62,8337.5,"LOMBARDIA"
3,2,64,5605.5833333,"LOMBARDIA"
3,2,32,40405.916667,"LOMBARDIA"
3,1,17,1444.9166667,"LOMBARDIA"
3,1,19,9655.4166667,"LOMBARDIA"
3,1,21,18880.75,"LOMBARDIA"
3,1,23,24965.916667,"LOMBARDIA"
3,1,25,32541.166667,"LOMBARDIA"
3,2,18,2463,"LOMBARDIA"
3,1,32,50182.416667,"LOMBARDIA"
3,2,35,45966.166667,"LOMBARDIA"
3,1,20,14691.833333,"LOMBARDIA"
3,1,51,62640.75,"LOMBARDIA"
3,1,24,28497.25,"LOMBARDIA"
3,1,29,42560.583333,"LOMBARDIA"
3,1,31,48205.25,"LOMBARDIA"
3,2,34,43256.333333,"LOMBARDIA"
3,2,36,48724.416667,"LOMBARDIA"
3,1,27,37079.75,"LOMBARDIA"
3,1,26,34723.166667,"LOMBARDIA"
3,1,28,40456.166667,"LOMBARDIA"
3,2,65,4811.5,"LOMBARDIA"
3,1,30,45255.666667,"LOMBARDIA"
3,1,22,22080.916667,"LOMBARDIA"
3,1,33,50836.166667,"LOMBARDIA"
4,1,52,6962.8333333,"TRENTINO-ALTO ADIGE"
4,2,37,5357.1666667,"TRENTINO-ALTO ADIGE"
4,1,58,4412.0833333,"TRENTINO-ALTO ADIGE"
4,2,38,5747.8333333,"TRENTINO-ALTO ADIGE"
4,1,60,3475.4166667,"TRENTINO-ALTO ADIGE"
4,2,31,4570.5,"TRENTINO-ALTO ADIGE"
4,2,49,6658.4166667,"TRENTINO-ALTO ADIGE"
4,2,43,6401.25,"TRENTINO-ALTO ADIGE"
4,1,65,1706,"TRENTINO-ALTO ADIGE"
4,1,64,1897.6666667,"TRENTINO-ALTO ADIGE"
4,1,53,6558.9166667,"TRENTINO-ALTO ADIGE"
4,2,25,3329.3333333,"TRENTINO-ALTO ADIGE"
4,2,19,1460.8333333,"TRENTINO-ALTO ADIGE"
4,1,59,3866.1666667,"TRENTINO-ALTO ADIGE"
4,2,44,6720.1666667,"TRENTINO-ALTO ADIGE"
4,2,15,122.25,"TRENTINO-ALTO ADIGE"
4,2,40,6310.25,"TRENTINO-ALTO ADIGE"
4,2,32,4534.4166667,"TRENTINO-ALTO ADIGE"
4,1,46,7665.1666667,"TRENTINO-ALTO ADIGE"
4,1,40,7145.0833333,"TRENTINO-ALTO ADIGE"
4,1,34,5528.0833333,"TRENTINO-ALTO ADIGE"
4,2,45,6664.9166667,"TRENTINO-ALTO ADIGE"
4,2,39,5992,"TRENTINO-ALTO ADIGE"
4,1,61,2940.4166667,"TRENTINO-ALTO ADIGE"
4,2,33,4580.8333333,"TRENTINO-ALTO ADIGE"
4,1,47,7931.5833333,"TRENTINO-ALTO ADIGE"
4,2,50,6254.4166667,"TRENTINO-ALTO ADIGE"
4,1,35,5982.5833333,"TRENTINO-ALTO ADIGE"
4,2,46,6800.1666667,"TRENTINO-ALTO ADIGE"
4,2,17,473.25,"TRENTINO-ALTO ADIGE"
4,1,54,6370.8333333,"TRENTINO-ALTO ADIGE"
4,2,26,3563.6666667,"TRENTINO-ALTO ADIGE"
4,2,20,1816.0833333,"TRENTINO-ALTO ADIGE"
4,2,51,5996.3333333,"TRENTINO-ALTO ADIGE"
4,1,36,6072.8333333,"TRENTINO-ALTO ADIGE"
4,2,16,263.66666667,"TRENTINO-ALTO ADIGE"
4,2,41,6176.4166667,"TRENTINO-ALTO ADIGE"
4,1,55,5830,"TRENTINO-ALTO ADIGE"
4,2,27,3710,"TRENTINO-ALTO ADIGE"
4,1,41,7166.4166667,"TRENTINO-ALTO ADIGE"
4,2,52,5996.4166667,"TRENTINO-ALTO ADIGE"
4,1,37,6132.3333333,"TRENTINO-ALTO ADIGE"
4,2,48,6825.3333333,"TRENTINO-ALTO ADIGE"
4,1,62,2353.4166667,"TRENTINO-ALTO ADIGE"
4,2,34,4754,"TRENTINO-ALTO ADIGE"
4,1,48,8207.0833333,"TRENTINO-ALTO ADIGE"
4,1,42,7539.1666667,"TRENTINO-ALTO ADIGE"
4,2,53,5493,"TRENTINO-ALTO ADIGE"
4,2,47,6799.0833333,"TRENTINO-ALTO ADIGE"
4,2,18,788,"TRENTINO-ALTO ADIGE"
4,1,63,2106.75,"TRENTINO-ALTO ADIGE"
4,2,35,5021.5,"TRENTINO-ALTO ADIGE"
4,2,21,2052.9166667,"TRENTINO-ALTO ADIGE"
4,1,43,7413.3333333,"TRENTINO-ALTO ADIGE"
4,2,54,5254,"TRENTINO-ALTO ADIGE"
4,1,39,7144.1666667,"TRENTINO-ALTO ADIGE"
4,2,42,6539.3333333,"TRENTINO-ALTO ADIGE"
4,1,56,5497.5833333,"TRENTINO-ALTO ADIGE"
4,2,28,3904,"TRENTINO-ALTO ADIGE"
4,2,22,2464.5833333,"TRENTINO-ALTO ADIGE"
4,1,44,8096.3333333,"TRENTINO-ALTO ADIGE"
4,1,38,6596.5833333,"TRENTINO-ALTO ADIGE"
4,2,57,4005.8333333,"TRENTINO-ALTO ADIGE"
4,2,59,2983.5833333,"TRENTINO-ALTO ADIGE"
4,1,57,5162.8333333,"TRENTINO-ALTO ADIGE"
4,1,49,7958.9166667,"TRENTINO-ALTO ADIGE"
4,2,23,2711.3333333,"TRENTINO-ALTO ADIGE"
4,1,45,7773.9166667,"TRENTINO-ALTO ADIGE"
4,2,56,4573.75,"TRENTINO-ALTO ADIGE"
4,2,58,3506.3333333,"TRENTINO-ALTO ADIGE"
4,2,60,2555.0833333,"TRENTINO-ALTO ADIGE"
4,2,36,5132.3333333,"TRENTINO-ALTO ADIGE"
4,1,50,7502.3333333,"TRENTINO-ALTO ADIGE"
4,2,24,3076.4166667,"TRENTINO-ALTO ADIGE"
4,2,55,4803.4166667,"TRENTINO-ALTO ADIGE"
4,1,19,2239.5,"TRENTINO-ALTO ADIGE"
4,1,21,3023.25,"TRENTINO-ALTO ADIGE"
4,2,61,2160.8333333,"TRENTINO-ALTO ADIGE"
4,2,29,3931,"TRENTINO-ALTO ADIGE"
4,1,51,6941.6666667,"TRENTINO-ALTO ADIGE"
4,1,16,700.41666667,"TRENTINO-ALTO ADIGE"
4,1,18,1580.1666667,"TRENTINO-ALTO ADIGE"
4,1,20,2606.0833333,"TRENTINO-ALTO ADIGE"
4,1,22,3310.6666667,"TRENTINO-ALTO ADIGE"
4,2,62,1328,"TRENTINO-ALTO ADIGE"
4,2,30,4289,"TRENTINO-ALTO ADIGE"
4,1,15,422.25,"TRENTINO-ALTO ADIGE"
4,1,17,1041.0833333,"TRENTINO-ALTO ADIGE"
4,1,27,4432.0833333,"TRENTINO-ALTO ADIGE"
4,1,29,4893.6666667,"TRENTINO-ALTO ADIGE"
4,1,23,3493.5833333,"TRENTINO-ALTO ADIGE"
4,2,63,1156,"TRENTINO-ALTO ADIGE"
4,2,65,856.41666667,"TRENTINO-ALTO ADIGE"
4,1,32,5533.9166667,"TRENTINO-ALTO ADIGE"
4,1,26,4178.9166667,"TRENTINO-ALTO ADIGE"
4,1,28,4675.25,"TRENTINO-ALTO ADIGE"
4,1,30,5236.9166667,"TRENTINO-ALTO ADIGE"
4,1,24,3673.5,"TRENTINO-ALTO ADIGE"
4,2,64,963.66666667,"TRENTINO-ALTO ADIGE"
4,1,31,5451.25,"TRENTINO-ALTO ADIGE"
4,1,33,5501.3333333,"TRENTINO-ALTO ADIGE"
4,1,25,4025.25,"TRENTINO-ALTO ADIGE"
5,1,15,72.833333333,"VENETO"
5,2,55,18993.416667,"VENETO"
5,1,58,19970.75,"VENETO"
5,2,37,24372.916667,"VENETO"
5,1,59,17500.916667,"VENETO"
5,2,31,18805.583333,"VENETO"
5,2,25,13108.166667,"VENETO"
5,2,19,3721.1666667,"VENETO"
5,2,50,25451.666667,"VENETO"
5,1,64,7768.9166667,"VENETO"
5,2,38,25559.75,"VENETO"
5,1,52,31908.416667,"VENETO"
5,2,32,19228.416667,"VENETO"
5,1,46,36408.416667,"VENETO"
5,2,49,27657.916667,"VENETO"
5,2,43,27071.5,"VENETO"
5,1,65,7027.25,"VENETO"
5,2,39,27232.833333,"VENETO"
5,1,53,29250.333333,"VENETO"
5,1,16,292.75,"VENETO"
5,2,56,17570.166667,"VENETO"
5,2,21,7022.0833333,"VENETO"
5,2,44,27824.333333,"VENETO"
5,2,15,40.5,"VENETO"
5,1,60,15090.833333,"VENETO"
5,1,54,28900.166667,"VENETO"
5,2,26,13637,"VENETO"
5,2,20,5671.0833333,"VENETO"
5,2,51,24222.666667,"VENETO"
5,2,45,27361.083333,"VENETO"
5,2,16,195.75,"VENETO"
5,1,61,12643.75,"VENETO"
5,2,33,19402.75,"VENETO"
5,1,47,36583.583333,"VENETO"
5,2,58,13409.416667,"VENETO"
5,2,52,23594.833333,"VENETO"
5,2,46,27548.083333,"VENETO"
5,2,40,27068.666667,"VENETO"
5,1,62,9777.5,"VENETO"
5,1,17,1014.0833333,"VENETO"
5,2,57,15729,"VENETO"
5,2,22,8570.4166667,"VENETO"
5,2,53,21770.666667,"VENETO"
5,2,47,27596.5,"VENETO"
5,2,41,26977.583333,"VENETO"
5,1,55,26440.5,"VENETO"
5,2,27,14867.166667,"VENETO"
5,1,49,36010.416667,"VENETO"
5,2,23,9893.6666667,"VENETO"
5,2,54,21182.666667,"VENETO"
5,2,17,643.25,"VENETO"
5,2,42,27478.083333,"VENETO"
5,2,34,20703.666667,"VENETO"
5,1,48,36944.166667,"VENETO"
5,2,59,11735.666667,"VENETO"
5,1,44,36985.25,"VENETO"
5,2,63,3622.3333333,"VENETO"
5,2,18,1605.4166667,"VENETO"
5,1,63,8788.4166667,"VENETO"
5,1,18,2731.25,"VENETO"
5,2,29,16840.083333,"VENETO"
5,2,60,9594.4166667,"VENETO"
5,1,45,35594.75,"VENETO"
5,2,48,27599.333333,"VENETO"
5,1,28,19789.583333,"VENETO"
5,1,56,25455.75,"VENETO"
5,2,28,16352.916667,"VENETO"
5,1,50,34085.166667,"VENETO"
5,2,24,11414.916667,"VENETO"
5,1,25,16252.916667,"VENETO"
5,2,65,2666.6666667,"VENETO"
5,1,29,20309.416667,"VENETO"
5,2,35,22479.75,"VENETO"
5,1,20,8349.6666667,"VENETO"
5,1,51,32599.833333,"VENETO"
5,2,62,4544.6666667,"VENETO"
5,2,64,3045.75,"VENETO"
5,1,36,29244.916667,"VENETO"
5,1,30,21535.75,"VENETO"
5,1,19,5624.8333333,"VENETO"
5,2,30,17277.25,"VENETO"
5,2,61,7872.9166667,"VENETO"
5,1,33,24399.25,"VENETO"
5,1,27,17736.666667,"VENETO"
5,1,37,30416,"VENETO"
5,1,57,22630.583333,"VENETO"
5,1,23,13274.416667,"VENETO"
5,1,22,11712,"VENETO"
5,1,24,14521.166667,"VENETO"
5,1,26,16991.333333,"VENETO"
5,1,31,22309.75,"VENETO"
5,1,41,35070,"VENETO"
5,2,36,23336.333333,"VENETO"
5,1,21,10517.916667,"VENETO"
5,1,34,26070.083333,"VENETO"
5,1,39,34705.833333,"VENETO"
5,1,35,27845.75,"VENETO"
5,1,32,23670.5,"VENETO"
5,1,40,34871.416667,"VENETO"
5,1,42,35488.25,"VENETO"
5,1,38,32405.333333,"VENETO"
5,1,43,35670.333333,"VENETO"
6,2,19,631.16666667,"FRIULI-VENEZIA GIULIA"
6,1,54,6839.0833333,"FRIULI-VENEZIA GIULIA"
6,2,42,6925.9166667,"FRIULI-VENEZIA GIULIA"
6,1,53,7079.25,"FRIULI-VENEZIA GIULIA"
6,1,52,7652.0833333,"FRIULI-VENEZIA GIULIA"
6,1,57,5520.4166667,"FRIULI-VENEZIA GIULIA"
6,2,37,5835.8333333,"FRIULI-VENEZIA GIULIA"
6,1,56,5826.0833333,"FRIULI-VENEZIA GIULIA"
6,2,20,948.66666667,"FRIULI-VENEZIA GIULIA"
6,2,40,6731.3333333,"FRIULI-VENEZIA GIULIA"
6,1,65,1576.9166667,"FRIULI-VENEZIA GIULIA"
6,2,21,1331.25,"FRIULI-VENEZIA GIULIA"
6,2,41,6983.25,"FRIULI-VENEZIA GIULIA"
6,1,55,6244.8333333,"FRIULI-VENEZIA GIULIA"
6,2,56,5018.8333333,"FRIULI-VENEZIA GIULIA"
6,2,50,6815.8333333,"FRIULI-VENEZIA GIULIA"
6,1,64,1793,"FRIULI-VENEZIA GIULIA"
6,1,58,5061.4166667,"FRIULI-VENEZIA GIULIA"
6,2,22,1727.75,"FRIULI-VENEZIA GIULIA"
6,2,24,2443.75,"FRIULI-VENEZIA GIULIA"
6,2,39,6751.5833333,"FRIULI-VENEZIA GIULIA"
6,2,49,7136.5833333,"FRIULI-VENEZIA GIULIA"
6,2,43,7146.75,"FRIULI-VENEZIA GIULIA"
6,2,45,6923.3333333,"FRIULI-VENEZIA GIULIA"
6,1,59,4384.4166667,"FRIULI-VENEZIA GIULIA"
6,2,23,2072,"FRIULI-VENEZIA GIULIA"
6,2,38,6135.6666667,"FRIULI-VENEZIA GIULIA"
6,1,47,8580.4166667,"FRIULI-VENEZIA GIULIA"
6,2,58,3852.4166667,"FRIULI-VENEZIA GIULIA"
6,2,44,7029.25,"FRIULI-VENEZIA GIULIA"
6,2,15,7.6666666667,"FRIULI-VENEZIA GIULIA"
6,1,60,3759,"FRIULI-VENEZIA GIULIA"
6,1,15,9.9166666667,"FRIULI-VENEZIA GIULIA"
6,2,55,5278.5,"FRIULI-VENEZIA GIULIA"
6,2,57,4346.1666667,"FRIULI-VENEZIA GIULIA"
6,2,51,6364.6666667,"FRIULI-VENEZIA GIULIA"
6,2,53,5814.75,"FRIULI-VENEZIA GIULIA"
6,2,16,39.166666667,"FRIULI-VENEZIA GIULIA"
6,2,31,4319.25,"FRIULI-VENEZIA GIULIA"
6,2,25,2740.1666667,"FRIULI-VENEZIA GIULIA"
6,2,27,3239.5833333,"FRIULI-VENEZIA GIULIA"
6,1,49,8792.5833333,"FRIULI-VENEZIA GIULIA"
6,2,52,6074.5,"FRIULI-VENEZIA GIULIA"
6,2,46,7059.9166667,"FRIULI-VENEZIA GIULIA"
6,2,17,141.91666667,"FRIULI-VENEZIA GIULIA"
6,2,32,4304.5,"FRIULI-VENEZIA GIULIA"
6,1,46,8562.1666667,"FRIULI-VENEZIA GIULIA"
6,1,48,8707.4166667,"FRIULI-VENEZIA GIULIA"
6,2,59,3251.9166667,"FRIULI-VENEZIA GIULIA"
6,1,44,8705.8333333,"FRIULI-VENEZIA GIULIA"
6,2,47,7157,"FRIULI-VENEZIA GIULIA"
6,1,61,3071.75,"FRIULI-VENEZIA GIULIA"
6,1,16,51.25,"FRIULI-VENEZIA GIULIA"
6,1,18,457.08333333,"FRIULI-VENEZIA GIULIA"
6,2,29,3760.0833333,"FRIULI-VENEZIA GIULIA"
6,2,60,2749,"FRIULI-VENEZIA GIULIA"
6,2,54,5689.5,"FRIULI-VENEZIA GIULIA"
6,2,48,7099.8333333,"FRIULI-VENEZIA GIULIA"
6,1,62,2264.75,"FRIULI-VENEZIA GIULIA"
6,2,26,2909.0833333,"FRIULI-VENEZIA GIULIA"
6,2,28,3600.5,"FRIULI-VENEZIA GIULIA"
6,1,50,8204.9166667,"FRIULI-VENEZIA GIULIA"
6,2,61,2303.8333333,"FRIULI-VENEZIA GIULIA"
6,2,63,990.16666667,"FRIULI-VENEZIA GIULIA"
6,2,18,266.33333333,"FRIULI-VENEZIA GIULIA"
6,2,33,4518,"FRIULI-VENEZIA GIULIA"
6,2,35,5303.5833333,"FRIULI-VENEZIA GIULIA"
6,1,20,1498,"FRIULI-VENEZIA GIULIA"
6,1,51,7692.0833333,"FRIULI-VENEZIA GIULIA"
6,1,45,8547.6666667,"FRIULI-VENEZIA GIULIA"
6,2,64,818.25,"FRIULI-VENEZIA GIULIA"
6,1,36,6850.5833333,"FRIULI-VENEZIA GIULIA"
6,1,17,181.41666667,"FRIULI-VENEZIA GIULIA"
6,1,19,948,"FRIULI-VENEZIA GIULIA"
6,2,30,3862.5833333,"FRIULI-VENEZIA GIULIA"
6,1,23,2713.9166667,"FRIULI-VENEZIA GIULIA"
6,1,25,3383.25,"FRIULI-VENEZIA GIULIA"
6,2,65,735.75,"FRIULI-VENEZIA GIULIA"
6,1,63,2080.5833333,"FRIULI-VENEZIA GIULIA"
6,1,26,3641.9166667,"FRIULI-VENEZIA GIULIA"
6,1,28,4410.4166667,"FRIULI-VENEZIA GIULIA"
6,1,22,2327.9166667,"FRIULI-VENEZIA GIULIA"
6,2,62,1246,"FRIULI-VENEZIA GIULIA"
6,1,34,6125.6666667,"FRIULI-VENEZIA GIULIA"
6,1,31,5408.1666667,"FRIULI-VENEZIA GIULIA"
6,2,34,4682.8333333,"FRIULI-VENEZIA GIULIA"
6,2,36,5419.8333333,"FRIULI-VENEZIA GIULIA"
6,1,21,1954.0833333,"FRIULI-VENEZIA GIULIA"
6,1,42,8369.9166667,"FRIULI-VENEZIA GIULIA"
6,1,33,5845.1666667,"FRIULI-VENEZIA GIULIA"
6,1,35,6731.3333333,"FRIULI-VENEZIA GIULIA"
6,1,37,7015.6666667,"FRIULI-VENEZIA GIULIA"
6,1,29,4764,"FRIULI-VENEZIA GIULIA"
6,1,39,8291.4166667,"FRIULI-VENEZIA GIULIA"
6,1,30,5014.1666667,"FRIULI-VENEZIA GIULIA"
6,1,24,3125.1666667,"FRIULI-VENEZIA GIULIA"
6,1,32,5668.4166667,"FRIULI-VENEZIA GIULIA"
6,1,40,8153.8333333,"FRIULI-VENEZIA GIULIA"
6,1,41,8394.1666667,"FRIULI-VENEZIA GIULIA"
6,1,27,4087.4166667,"FRIULI-VENEZIA GIULIA"
6,1,43,8391.5833333,"FRIULI-VENEZIA GIULIA"
6,1,38,7550.0833333,"FRIULI-VENEZIA GIULIA"
7,1,52,9464.75,"LIGURIA"
7,2,19,721.91666667,"LIGURIA"
7,1,54,8616.6666667,"LIGURIA"
7,2,25,3258.4166667,"LIGURIA"
7,1,60,4992.0833333,"LIGURIA"
7,2,27,3753.3333333,"LIGURIA"
7,1,53,8883.3333333,"LIGURIA"
7,1,55,7976.8333333,"LIGURIA"
7,2,40,7799.6666667,"LIGURIA"
7,1,62,3065.4166667,"LIGURIA"
7,2,26,3492,"LIGURIA"
7,1,58,6359.5,"LIGURIA"
7,2,43,8371,"LIGURIA"
7,2,37,6536.9166667,"LIGURIA"
7,1,59,5813.3333333,"LIGURIA"
7,2,20,1179.75,"LIGURIA"
7,1,63,2698.75,"LIGURIA"
7,1,57,7017.9166667,"LIGURIA"
7,2,21,1673.0833333,"LIGURIA"
7,1,61,4132.4166667,"LIGURIA"
7,2,38,7104.9166667,"LIGURIA"
7,2,48,9047.75,"LIGURIA"
7,2,42,8157.6666667,"LIGURIA"
7,1,56,7826.25,"LIGURIA"
7,2,28,4214.75,"LIGURIA"
7,2,22,2015.6666667,"LIGURIA"
7,2,45,8474.75,"LIGURIA"
7,2,39,7688.6666667,"LIGURIA"
7,2,41,8127.3333333,"LIGURIA"
7,2,51,8050.1666667,"LIGURIA"
7,1,65,2236.6666667,"LIGURIA"
7,2,29,4339.25,"LIGURIA"
7,2,44,8509.4166667,"LIGURIA"
7,2,46,8620.25,"LIGURIA"
7,2,56,6369.3333333,"LIGURIA"
7,2,50,8412.0833333,"LIGURIA"
7,1,64,2456.3333333,"LIGURIA"
7,2,15,5.3333333333,"LIGURIA"
7,2,30,4508.3333333,"LIGURIA"
7,2,24,2844.75,"LIGURIA"
7,2,47,8842.0833333,"LIGURIA"
7,2,49,8864.8333333,"LIGURIA"
7,2,59,4650,"LIGURIA"
7,2,53,7239.5,"LIGURIA"
7,2,16,29.166666667,"LIGURIA"
7,2,23,2469.75,"LIGURIA"
7,1,16,57.416666667,"LIGURIA"
7,1,18,577.5,"LIGURIA"
7,2,58,5114.8333333,"LIGURIA"
7,2,52,7724.4166667,"LIGURIA"
7,2,54,7117.25,"LIGURIA"
7,2,17,125.58333333,"LIGURIA"
7,1,15,18.666666667,"LIGURIA"
7,2,55,6754.25,"LIGURIA"
7,2,57,5702.75,"LIGURIA"
7,1,50,10160.75,"LIGURIA"
7,1,44,10363.916667,"LIGURIA"
7,1,46,10223.083333,"LIGURIA"
7,2,31,4636.0833333,"LIGURIA"
7,2,33,4997.75,"LIGURIA"
7,2,35,5972.9166667,"LIGURIA"
7,1,20,1699.6666667,"LIGURIA"
7,2,60,3933.4166667,"LIGURIA"
7,1,45,10394.083333,"LIGURIA"
7,1,47,10766,"LIGURIA"
7,2,32,4974.8333333,"LIGURIA"
7,1,17,202.25,"LIGURIA"
7,1,19,1125.3333333,"LIGURIA"
7,1,21,2328.25,"LIGURIA"
7,2,61,3184.25,"LIGURIA"
7,2,63,1489.5833333,"LIGURIA"
7,2,18,323.5,"LIGURIA"
7,1,32,6030.0833333,"LIGURIA"
7,1,26,4406.5,"LIGURIA"
7,1,28,5006.0833333,"LIGURIA"
7,1,51,9743.4166667,"LIGURIA"
7,2,62,1904.25,"LIGURIA"
7,2,64,1305.1666667,"LIGURIA"
7,1,49,11017.416667,"LIGURIA"
7,2,34,5385.25,"LIGURIA"
7,2,36,6261.25,"LIGURIA"
7,1,29,5239.25,"LIGURIA"
7,1,23,3077.9166667,"LIGURIA"
7,1,25,3971.8333333,"LIGURIA"
7,1,48,10998.083333,"LIGURIA"
7,1,24,3489.5,"LIGURIA"
7,1,34,6255.0833333,"LIGURIA"
7,1,36,7461.4166667,"LIGURIA"
7,1,22,2677.5833333,"LIGURIA"
7,1,27,4643.5833333,"LIGURIA"
7,1,42,10106.833333,"LIGURIA"
7,1,31,5828.8333333,"LIGURIA"
7,1,33,5877.5,"LIGURIA"
7,2,65,1045.75,"LIGURIA"
7,1,37,7719.1666667,"LIGURIA"
7,1,41,9799.0833333,"LIGURIA"
7,1,30,5615.4166667,"LIGURIA"
7,1,40,9461.5833333,"LIGURIA"
7,1,39,9072.1666667,"LIGURIA"
7,1,35,6746.9166667,"LIGURIA"
7,1,43,9986.5833333,"LIGURIA"
7,1,38,8615.5833333,"LIGURIA"
8,1,52,27735.5,"EMILIA-ROMAGNA"
8,2,25,10458.916667,"EMILIA-ROMAGNA"
8,2,31,17089.916667,"EMILIA-ROMAGNA"
8,1,58,18889.083333,"EMILIA-ROMAGNA"
8,2,19,2643.6666667,"EMILIA-ROMAGNA"
8,2,32,17726,"EMILIA-ROMAGNA"
8,2,49,27095.75,"EMILIA-ROMAGNA"
8,1,60,14284,"EMILIA-ROMAGNA"
8,2,37,23997.75,"EMILIA-ROMAGNA"
8,1,61,11928.666667,"EMILIA-ROMAGNA"
8,2,33,18467.583333,"EMILIA-ROMAGNA"
8,2,27,12977.083333,"EMILIA-ROMAGNA"
8,1,53,25940.416667,"EMILIA-ROMAGNA"
8,1,64,7686.9166667,"EMILIA-ROMAGNA"
8,2,38,25699.583333,"EMILIA-ROMAGNA"
8,2,40,27312.333333,"EMILIA-ROMAGNA"
8,1,54,25339.083333,"EMILIA-ROMAGNA"
8,2,26,11705.25,"EMILIA-ROMAGNA"
8,2,20,4138.5833333,"EMILIA-ROMAGNA"
8,2,43,27205.416667,"EMILIA-ROMAGNA"
8,1,65,7148.4166667,"EMILIA-ROMAGNA"
8,1,59,16318.916667,"EMILIA-ROMAGNA"
8,2,41,27074.083333,"EMILIA-ROMAGNA"
8,1,55,23588,"EMILIA-ROMAGNA"
8,2,35,21504.166667,"EMILIA-ROMAGNA"
8,2,50,25294.75,"EMILIA-ROMAGNA"
8,2,44,27850.833333,"EMILIA-ROMAGNA"
8,2,15,35.333333333,"EMILIA-ROMAGNA"
8,2,17,467.16666667,"EMILIA-ROMAGNA"
8,1,62,9298.3333333,"EMILIA-ROMAGNA"
8,2,34,19947,"EMILIA-ROMAGNA"
8,2,28,14250.25,"EMILIA-ROMAGNA"
8,2,51,24686.75,"EMILIA-ROMAGNA"
8,2,45,26952.5,"EMILIA-ROMAGNA"
8,2,39,26859.666667,"EMILIA-ROMAGNA"
8,2,18,1127.0833333,"EMILIA-ROMAGNA"
8,1,63,8354.6666667,"EMILIA-ROMAGNA"
8,1,57,21174.833333,"EMILIA-ROMAGNA"
8,2,21,5432.5,"EMILIA-ROMAGNA"
8,2,52,23908,"EMILIA-ROMAGNA"
8,2,46,26803,"EMILIA-ROMAGNA"
8,2,48,26806.916667,"EMILIA-ROMAGNA"
8,2,42,27626.666667,"EMILIA-ROMAGNA"
8,1,56,23053.916667,"EMILIA-ROMAGNA"
8,2,36,22816.333333,"EMILIA-ROMAGNA"
8,2,22,6630.5,"EMILIA-ROMAGNA"
8,2,53,22797.583333,"EMILIA-ROMAGNA"
8,2,16,135.91666667,"EMILIA-ROMAGNA"
8,2,57,17643.916667,"EMILIA-ROMAGNA"
8,2,59,13041.083333,"EMILIA-ROMAGNA"
8,1,44,32692.083333,"EMILIA-ROMAGNA"
8,2,29,15040.416667,"EMILIA-ROMAGNA"
8,2,23,7814.5,"EMILIA-ROMAGNA"
8,2,54,22082.75,"EMILIA-ROMAGNA"
8,2,56,19620.166667,"EMILIA-ROMAGNA"
8,2,58,15283.833333,"EMILIA-ROMAGNA"
8,2,60,10740,"EMILIA-ROMAGNA"
8,1,45,31948.416667,"EMILIA-ROMAGNA"
8,2,30,16160.083333,"EMILIA-ROMAGNA"
8,2,24,9076.1666667,"EMILIA-ROMAGNA"
8,2,47,26975.583333,"EMILIA-ROMAGNA"
8,1,19,4545.9166667,"EMILIA-ROMAGNA"
8,1,50,29730.25,"EMILIA-ROMAGNA"
8,2,61,8986.6666667,"EMILIA-ROMAGNA"
8,1,46,31875.666667,"EMILIA-ROMAGNA"
8,1,38,30353.75,"EMILIA-ROMAGNA"
8,1,16,248.5,"EMILIA-ROMAGNA"
8,1,18,2112.5833333,"EMILIA-ROMAGNA"
8,1,20,6599.8333333,"EMILIA-ROMAGNA"
8,1,51,28235,"EMILIA-ROMAGNA"
8,2,62,5065.5833333,"EMILIA-ROMAGNA"
8,1,47,32033.666667,"EMILIA-ROMAGNA"
8,1,15,70.666666667,"EMILIA-ROMAGNA"
8,2,55,20610.416667,"EMILIA-ROMAGNA"
8,1,27,15426.166667,"EMILIA-ROMAGNA"
8,1,21,8249.5833333,"EMILIA-ROMAGNA"
8,1,23,10831.75,"EMILIA-ROMAGNA"
8,2,63,4035,"EMILIA-ROMAGNA"
8,1,48,31776.416667,"EMILIA-ROMAGNA"
8,1,32,21475.833333,"EMILIA-ROMAGNA"
8,1,26,14510.916667,"EMILIA-ROMAGNA"
8,1,28,17235,"EMILIA-ROMAGNA"
8,1,22,9802.4166667,"EMILIA-ROMAGNA"
8,1,24,12019.75,"EMILIA-ROMAGNA"
8,2,64,3584.8333333,"EMILIA-ROMAGNA"
8,1,39,32063.666667,"EMILIA-ROMAGNA"
8,1,17,827.41666667,"EMILIA-ROMAGNA"
8,1,35,25740.5,"EMILIA-ROMAGNA"
8,1,29,18157.25,"EMILIA-ROMAGNA"
8,1,31,20602.666667,"EMILIA-ROMAGNA"
8,1,25,13344.666667,"EMILIA-ROMAGNA"
8,2,65,3089.75,"EMILIA-ROMAGNA"
8,1,40,32489.583333,"EMILIA-ROMAGNA"
8,1,34,23634,"EMILIA-ROMAGNA"
8,1,36,27324.166667,"EMILIA-ROMAGNA"
8,1,30,19338.666667,"EMILIA-ROMAGNA"
8,1,43,32034.083333,"EMILIA-ROMAGNA"
8,1,37,28297.083333,"EMILIA-ROMAGNA"
8,1,49,31514.25,"EMILIA-ROMAGNA"
8,1,33,22297.583333,"EMILIA-ROMAGNA"
8,1,41,32155.833333,"EMILIA-ROMAGNA"
8,1,42,32745.416667,"EMILIA-ROMAGNA"
9,1,64,6518.1666667,"TOSCANA"
9,2,43,20619.416667,"TOSCANA"
9,2,50,19922.583333,"TOSCANA"
9,2,39,20821.083333,"TOSCANA"
9,2,49,21224.25,"TOSCANA"
9,2,25,8322.75,"TOSCANA"
9,2,37,18713.833333,"TOSCANA"
9,2,21,4032.4166667,"TOSCANA"
9,2,44,21360.583333,"TOSCANA"
9,2,38,19724,"TOSCANA"
9,2,19,1839,"TOSCANA"
9,1,15,30.916666667,"TOSCANA"
9,2,55,16195.416667,"TOSCANA"
9,2,20,2861,"TOSCANA"
9,2,51,18867.333333,"TOSCANA"
9,1,65,6031.1666667,"TOSCANA"
9,2,16,55.666666667,"TOSCANA"
9,2,31,13288.916667,"TOSCANA"
9,1,16,122.91666667,"TOSCANA"
9,2,56,15483.083333,"TOSCANA"
9,2,58,12703.666667,"TOSCANA"
9,2,52,18576.916667,"TOSCANA"
9,2,15,16.5,"TOSCANA"
9,2,40,21049.75,"TOSCANA"
9,2,32,14117.5,"TOSCANA"
9,2,26,9115.6666667,"TOSCANA"
9,2,57,13853.25,"TOSCANA"
9,2,22,4957.1666667,"TOSCANA"
9,2,45,21137.666667,"TOSCANA"
9,2,47,21371.5,"TOSCANA"
9,2,41,21140.25,"TOSCANA"
9,2,33,14547.583333,"TOSCANA"
9,2,27,10056.083333,"TOSCANA"
9,2,29,11926.916667,"TOSCANA"
9,2,23,6104.0833333,"TOSCANA"
9,2,46,21151.666667,"TOSCANA"
9,2,17,250.66666667,"TOSCANA"
9,1,62,8008.0833333,"TOSCANA"
9,1,17,415.33333333,"TOSCANA"
9,2,28,11388.083333,"TOSCANA"
9,2,59,11436.083333,"TOSCANA"
9,2,53,17486.666667,"TOSCANA"
9,2,63,3675,"TOSCANA"
9,2,18,708.58333333,"TOSCANA"
9,1,63,7059,"TOSCANA"
9,1,18,1293.0833333,"TOSCANA"
9,1,20,4463.9166667,"TOSCANA"
9,2,60,9417.9166667,"TOSCANA"
9,2,54,16959.916667,"TOSCANA"
9,2,48,21333.25,"TOSCANA"
9,2,42,21377.5,"TOSCANA"
9,2,34,15638.833333,"TOSCANA"
9,1,19,2892.75,"TOSCANA"
9,2,30,12764.666667,"TOSCANA"
9,2,24,7134.8333333,"TOSCANA"
9,1,25,10815.5,"TOSCANA"
9,2,65,2594.8333333,"TOSCANA"
9,1,50,24160.5,"TOSCANA"
9,2,35,16866.416667,"TOSCANA"
9,1,46,25282.083333,"TOSCANA"
9,1,22,7222.75,"TOSCANA"
9,2,62,4733.25,"TOSCANA"
9,2,64,3025.0833333,"TOSCANA"
9,1,57,17322.916667,"TOSCANA"
9,1,51,23068.333333,"TOSCANA"
9,2,36,17661.25,"TOSCANA"
9,1,21,5957,"TOSCANA"
9,2,61,7867.75,"TOSCANA"
9,1,33,17566.166667,"TOSCANA"
9,1,56,18785.5,"TOSCANA"
9,1,58,15702.5,"TOSCANA"
9,1,44,26056,"TOSCANA"
9,1,54,21072.25,"TOSCANA"
9,1,38,23254.75,"TOSCANA"
9,1,24,9479.5,"TOSCANA"
9,1,26,11477.5,"TOSCANA"
9,1,28,13646.916667,"TOSCANA"
9,1,59,14082,"TOSCANA"
9,1,45,25064.25,"TOSCANA"
9,1,47,26076.333333,"TOSCANA"
9,1,23,8494.1666667,"TOSCANA"
9,1,41,25296.416667,"TOSCANA"
9,1,27,11980.583333,"TOSCANA"
9,1,29,14261.833333,"TOSCANA"
9,1,52,22537.666667,"TOSCANA"
9,1,36,21204.833333,"TOSCANA"
9,1,48,26022.916667,"TOSCANA"
9,1,32,16933.583333,"TOSCANA"
9,1,34,18676,"TOSCANA"
9,1,39,24644.333333,"TOSCANA"
9,1,30,15311.583333,"TOSCANA"
9,1,53,21460.583333,"TOSCANA"
9,1,55,19365.583333,"TOSCANA"
9,1,60,12202.333333,"TOSCANA"
9,1,49,25805.083333,"TOSCANA"
9,1,35,20097.583333,"TOSCANA"
9,1,37,21828.666667,"TOSCANA"
9,1,42,25538,"TOSCANA"
9,1,31,16207.5,"TOSCANA"
9,1,40,25096,"TOSCANA"
9,1,61,10358.5,"TOSCANA"
9,1,43,25364.583333,"TOSCANA"
10,2,21,898.66666667,"UMBRIA"
10,2,19,397.16666667,"UMBRIA"
10,2,37,4197.6666667,"UMBRIA"
10,2,42,4678.3333333,"UMBRIA"
10,2,20,653.41666667,"UMBRIA"
10,1,65,1307.3333333,"UMBRIA"
10,2,24,1696.8333333,"UMBRIA"
10,2,41,4581.8333333,"UMBRIA"
10,2,40,4584.4166667,"UMBRIA"
10,2,45,4725.5,"UMBRIA"
10,2,16,12.75,"UMBRIA"
10,2,23,1437.3333333,"UMBRIA"
10,2,38,4540.3333333,"UMBRIA"
10,2,56,3413.75,"UMBRIA"
10,2,50,4613.0833333,"UMBRIA"
10,1,64,1447.8333333,"UMBRIA"
10,2,15,3,"UMBRIA"
10,2,22,1113.8333333,"UMBRIA"
10,1,15,7.8333333333,"UMBRIA"
10,2,39,4722.25,"UMBRIA"
10,2,49,4792.6666667,"UMBRIA"
10,2,43,4507.3333333,"UMBRIA"
10,2,53,4177.9166667,"UMBRIA"
10,2,47,4662,"UMBRIA"
10,2,31,3213.75,"UMBRIA"
10,2,25,2007.75,"UMBRIA"
10,2,27,2473.9166667,"UMBRIA"
10,2,58,2908.5833333,"UMBRIA"
10,2,44,4814.25,"UMBRIA"
10,2,46,4797.5833333,"UMBRIA"
10,2,17,50.083333333,"UMBRIA"
10,2,32,3364.4166667,"UMBRIA"
10,2,55,3636.5,"UMBRIA"
10,2,57,3195.1666667,"UMBRIA"
10,2,51,4441.75,"UMBRIA"
10,1,44,5778.6666667,"UMBRIA"
10,1,46,5637.9166667,"UMBRIA"
10,2,18,140.66666667,"UMBRIA"
10,1,16,21.833333333,"UMBRIA"
10,1,18,240.75,"UMBRIA"
10,2,29,2814.75,"UMBRIA"
10,2,52,4299.3333333,"UMBRIA"
10,2,54,3879.8333333,"UMBRIA"
10,2,48,4803.9166667,"UMBRIA"
10,1,62,1888.8333333,"UMBRIA"
10,2,26,2177.3333333,"UMBRIA"
10,2,28,2733.5833333,"UMBRIA"
10,2,59,2635.6666667,"UMBRIA"
10,2,61,1881.5833333,"UMBRIA"
10,2,63,820.58333333,"UMBRIA"
10,1,48,5949.8333333,"UMBRIA"
10,2,33,3418.75,"UMBRIA"
10,2,35,3908.3333333,"UMBRIA"
10,1,20,1059,"UMBRIA"
10,2,60,2273.5,"UMBRIA"
10,1,45,5578.75,"UMBRIA"
10,1,47,5651.1666667,"UMBRIA"
10,1,49,5848.0833333,"UMBRIA"
10,1,17,81.5,"UMBRIA"
10,1,19,600.08333333,"UMBRIA"
10,2,30,3205.0833333,"UMBRIA"
10,1,23,1959.0833333,"UMBRIA"
10,1,25,2657,"UMBRIA"
10,2,65,560,"UMBRIA"
10,1,63,1625.4166667,"UMBRIA"
10,1,26,2817.25,"UMBRIA"
10,1,28,3302.9166667,"UMBRIA"
10,1,22,1766.25,"UMBRIA"
10,2,62,1189.75,"UMBRIA"
10,2,64,699.41666667,"UMBRIA"
10,1,57,4143.6666667,"UMBRIA"
10,2,34,3638.6666667,"UMBRIA"
10,2,36,4057.5,"UMBRIA"
10,1,21,1418.6666667,"UMBRIA"
10,1,31,3945.4166667,"UMBRIA"
10,1,33,4189.0833333,"UMBRIA"
10,1,56,4247.0833333,"UMBRIA"
10,1,50,5391.1666667,"UMBRIA"
10,1,52,5282.8333333,"UMBRIA"
10,1,54,4775.3333333,"UMBRIA"
10,1,30,3905.4166667,"UMBRIA"
10,1,24,2343.9166667,"UMBRIA"
10,1,34,4472.1666667,"UMBRIA"
10,1,36,4983,"UMBRIA"
10,1,51,5256.75,"UMBRIA"
10,1,27,3042.75,"UMBRIA"
10,1,29,3462,"UMBRIA"
10,1,39,5604.8333333,"UMBRIA"
10,1,41,5550,"UMBRIA"
10,1,35,4612.1666667,"UMBRIA"
10,1,58,3770.1666667,"UMBRIA"
10,1,60,2908.75,"UMBRIA"
10,1,38,5297.5833333,"UMBRIA"
10,1,32,4159.1666667,"UMBRIA"
10,1,42,5620.0833333,"UMBRIA"
10,1,59,3313.3333333,"UMBRIA"
10,1,53,5157,"UMBRIA"
10,1,55,4365.4166667,"UMBRIA"
10,1,43,5645.75,"UMBRIA"
10,1,37,5118.5,"UMBRIA"
10,1,40,5684.5833333,"UMBRIA"
10,1,61,2345.5,"UMBRIA"
11,2,19,833,"MARCHE"
11,2,40,7881.1666667,"MARCHE"
11,2,43,7947,"MARCHE"
11,2,37,7281.8333333,"MARCHE"
11,2,25,3532.5833333,"MARCHE"
11,2,27,4370.5,"MARCHE"
11,2,21,1695.75,"MARCHE"
11,2,38,7782.5833333,"MARCHE"
11,2,48,8174.4166667,"MARCHE"
11,2,42,8219.9166667,"MARCHE"
11,2,20,1295.9166667,"MARCHE"
11,2,22,2111.0833333,"MARCHE"
11,2,45,8136.25,"MARCHE"
11,2,39,7927.6666667,"MARCHE"
11,2,41,7955.5,"MARCHE"
11,2,51,7277.8333333,"MARCHE"
11,2,53,7081.1666667,"MARCHE"
11,2,29,5045.4166667,"MARCHE"
11,2,44,8296.8333333,"MARCHE"
11,2,46,8194.4166667,"MARCHE"
11,2,56,6135.25,"MARCHE"
11,2,50,7942.8333333,"MARCHE"
11,2,26,3857.25,"MARCHE"
11,2,28,4854.3333333,"MARCHE"
11,2,30,5305.5833333,"MARCHE"
11,2,24,3108.3333333,"MARCHE"
11,2,47,8232.3333333,"MARCHE"
11,2,49,8287.8333333,"MARCHE"
11,2,59,4529,"MARCHE"
11,1,44,10013.083333,"MARCHE"
11,1,46,9936.5833333,"MARCHE"
11,2,23,2613.0833333,"MARCHE"
11,1,16,79.833333333,"MARCHE"
11,1,18,707.16666667,"MARCHE"
11,2,58,5202.3333333,"MARCHE"
11,2,52,7564,"MARCHE"
11,2,54,6931.3333333,"MARCHE"
11,2,17,151.66666667,"MARCHE"
11,1,15,23.916666667,"MARCHE"
11,2,55,6501.0833333,"MARCHE"
11,2,57,5810.25,"MARCHE"
11,1,50,9620.0833333,"MARCHE"
11,2,61,3282.75,"MARCHE"
11,2,63,1469,"MARCHE"
11,2,31,5637.9166667,"MARCHE"
11,2,33,6009.0833333,"MARCHE"
11,2,35,6768.6666667,"MARCHE"
11,1,20,2039.1666667,"MARCHE"
11,2,60,3847.3333333,"MARCHE"
11,1,45,9987,"MARCHE"
11,1,47,10084,"MARCHE"
11,2,32,5824,"MARCHE"
11,1,17,245.91666667,"MARCHE"
11,1,19,1377,"MARCHE"
11,1,21,2758.25,"MARCHE"
11,1,52,9306.6666667,"MARCHE"
11,1,54,8355.5833333,"MARCHE"
11,2,18,345.58333333,"MARCHE"
11,1,32,7155.25,"MARCHE"
11,1,26,4864.3333333,"MARCHE"
11,1,28,5732.8333333,"MARCHE"
11,1,51,9398.3333333,"MARCHE"
11,2,62,2026.4166667,"MARCHE"
11,2,64,1273.9166667,"MARCHE"
11,1,62,3505.5,"MARCHE"
11,2,34,6486.8333333,"MARCHE"
11,2,36,7219.0833333,"MARCHE"
11,1,29,6091.0833333,"MARCHE"
11,1,23,3576.0833333,"MARCHE"
11,1,25,4462.5,"MARCHE"
11,1,48,10152.583333,"MARCHE"
11,1,63,3190.3333333,"MARCHE"
11,1,34,7790.6666667,"MARCHE"
11,1,36,8668.0833333,"MARCHE"
11,1,22,3291.8333333,"MARCHE"
11,1,53,8694.8333333,"MARCHE"
11,1,55,8023,"MARCHE"
11,1,49,10228.416667,"MARCHE"
11,1,33,7376.6666667,"MARCHE"
11,1,27,5436.4166667,"MARCHE"
11,1,37,8984.9166667,"MARCHE"
11,1,31,6799.75,"MARCHE"
11,1,41,9699.9166667,"MARCHE"
11,2,65,1052.4166667,"MARCHE"
11,1,58,6574.4166667,"MARCHE"
11,1,65,2479.5,"MARCHE"
11,2,16,59.166666667,"MARCHE"
11,1,30,6321.25,"MARCHE"
11,1,24,4047.0833333,"MARCHE"
11,1,42,10108.666667,"MARCHE"
11,1,57,7195.0833333,"MARCHE"
11,1,64,2675.5833333,"MARCHE"
11,1,35,8415.75,"MARCHE"
11,1,40,9731.0833333,"MARCHE"
11,1,39,9850.8333333,"MARCHE"
11,1,56,7727.5,"MARCHE"
11,2,15,13,"MARCHE"
11,1,60,5165.9166667,"MARCHE"
11,1,38,9425.4166667,"MARCHE"
11,1,43,9823.5833333,"MARCHE"
11,1,61,4605.1666667,"MARCHE"
11,1,59,5949.8333333,"MARCHE"
12,2,37,26137.416667,"LAZIO"
12,2,19,2120.9166667,"LAZIO"
12,2,40,29065.666667,"LAZIO"
12,2,49,29148.333333,"LAZIO"
12,2,38,27785.083333,"LAZIO"
12,2,43,29109.916667,"LAZIO"
12,2,45,29273.916667,"LAZIO"
12,2,31,19852.75,"LAZIO"
12,2,20,3535.9166667,"LAZIO"
12,2,25,11294.583333,"LAZIO"
12,2,27,14243.583333,"LAZIO"
12,2,50,27315.083333,"LAZIO"
12,2,41,29498.083333,"LAZIO"
12,2,46,29436.416667,"LAZIO"
12,2,48,28867.583333,"LAZIO"
12,2,32,20852.833333,"LAZIO"
12,2,44,29761.916667,"LAZIO"
12,2,28,16019.083333,"LAZIO"
12,2,51,25712.583333,"LAZIO"
12,2,53,23442.25,"LAZIO"
12,2,39,28946.666667,"LAZIO"
12,2,57,18932.083333,"LAZIO"
12,2,33,21493.333333,"LAZIO"
12,2,35,24272,"LAZIO"
12,2,21,5184.6666667,"LAZIO"
12,2,52,24768.666667,"LAZIO"
12,2,54,22541.25,"LAZIO"
12,2,56,20332.5,"LAZIO"
12,2,42,29731.833333,"LAZIO"
12,2,26,12969.25,"LAZIO"
12,2,36,24958.5,"LAZIO"
12,2,22,6535.1666667,"LAZIO"
12,2,24,9753.6666667,"LAZIO"
12,2,47,28847.666667,"LAZIO"
12,1,19,3249,"LAZIO"
12,2,59,15936.833333,"LAZIO"
12,1,44,36775.833333,"LAZIO"
12,2,29,17384.916667,"LAZIO"
12,2,23,8225.5833333,"LAZIO"
12,1,16,117.58333333,"LAZIO"
12,1,18,1424.25,"LAZIO"
12,2,58,17605.916667,"LAZIO"
12,2,34,22657.5,"LAZIO"
12,1,45,35865.416667,"LAZIO"
12,2,30,18475.75,"LAZIO"
12,1,15,27.916666667,"LAZIO"
12,2,55,21175.5,"LAZIO"
12,1,56,25744.083333,"LAZIO"
12,1,50,34483.833333,"LAZIO"
12,2,61,11445.333333,"LAZIO"
12,1,46,35987.166667,"LAZIO"
12,1,38,33850.666667,"LAZIO"
12,1,32,25272.666667,"LAZIO"
12,1,26,15809.75,"LAZIO"
12,1,20,5325.3333333,"LAZIO"
12,2,60,13735.916667,"LAZIO"
12,2,62,7054.4166667,"LAZIO"
12,2,17,260,"LAZIO"
12,1,62,11288.916667,"LAZIO"
12,1,17,414.66666667,"LAZIO"
12,1,27,17589.916667,"LAZIO"
12,1,21,7502.4166667,"LAZIO"
12,1,52,31624.5,"LAZIO"
12,2,63,5322.0833333,"LAZIO"
12,2,18,799.91666667,"LAZIO"
12,1,63,9932.8333333,"LAZIO"
12,1,34,27683.333333,"LAZIO"
12,1,57,24249,"LAZIO"
12,1,51,32665.333333,"LAZIO"
12,1,53,29499.416667,"LAZIO"
12,1,47,36756.333333,"LAZIO"
12,1,39,35144.25,"LAZIO"
12,1,33,26096.416667,"LAZIO"
12,1,35,29594.833333,"LAZIO"
12,1,58,23105.25,"LAZIO"
12,1,23,10999.166667,"LAZIO"
12,1,54,28128.083333,"LAZIO"
12,1,48,36710.583333,"LAZIO"
12,1,40,35770.25,"LAZIO"
12,1,65,7107.5,"LAZIO"
12,1,28,19656.083333,"LAZIO"
12,1,22,9158.25,"LAZIO"
12,1,24,12656.416667,"LAZIO"
12,2,64,4158.0833333,"LAZIO"
12,1,49,36737.083333,"LAZIO"
12,1,64,8545.4166667,"LAZIO"
12,2,15,18,"LAZIO"
12,1,29,21224.75,"LAZIO"
12,1,60,18267.666667,"LAZIO"
12,1,25,14585.416667,"LAZIO"
12,2,65,3047.25,"LAZIO"
12,1,61,15265.083333,"LAZIO"
12,1,42,35721.25,"LAZIO"
12,1,36,30709.333333,"LAZIO"
12,1,59,21232.416667,"LAZIO"
12,1,43,36084.416667,"LAZIO"
12,1,55,26556.25,"LAZIO"
12,1,31,24216.5,"LAZIO"
12,1,41,35528.916667,"LAZIO"
12,1,30,22973.5,"LAZIO"
12,1,37,31780.583333,"LAZIO"
12,2,16,61.916666667,"LAZIO"
13,2,38,5640,"ABRUZZO"
13,2,39,5789.1666667,"ABRUZZO"
13,2,47,6164.5,"ABRUZZO"
13,2,31,4573.5,"ABRUZZO"
13,2,43,5917.6666667,"ABRUZZO"
13,2,37,5434.9166667,"ABRUZZO"
13,2,50,5756.75,"ABRUZZO"
13,2,44,6101.1666667,"ABRUZZO"
13,2,46,6290,"ABRUZZO"
13,2,40,5836.75,"ABRUZZO"
13,1,15,16.75,"ABRUZZO"
13,2,55,4791.4166667,"ABRUZZO"
13,2,49,6045.4166667,"ABRUZZO"
13,2,51,5472.8333333,"ABRUZZO"
13,2,45,6127.3333333,"ABRUZZO"
13,2,63,1121.6666667,"ABRUZZO"
13,2,41,5938.25,"ABRUZZO"
13,1,16,66.916666667,"ABRUZZO"
13,2,56,4664,"ABRUZZO"
13,2,58,4080.0833333,"ABRUZZO"
13,2,52,5507.25,"ABRUZZO"
13,2,54,5101.3333333,"ABRUZZO"
13,2,48,6249.9166667,"ABRUZZO"
13,2,32,4603.0833333,"ABRUZZO"
13,1,17,193.75,"ABRUZZO"
13,2,57,4206.6666667,"ABRUZZO"
13,2,59,3662.5,"ABRUZZO"
13,2,53,5202.8333333,"ABRUZZO"
13,1,25,3700.8333333,"ABRUZZO"
13,2,65,644.75,"ABRUZZO"
13,2,33,4637.9166667,"ABRUZZO"
13,1,18,423.08333333,"ABRUZZO"
13,2,29,3976.4166667,"ABRUZZO"
13,2,60,3066.8333333,"ABRUZZO"
13,2,62,1694.4166667,"ABRUZZO"
13,2,64,940.25,"ABRUZZO"
13,2,42,6117.3333333,"ABRUZZO"
13,2,34,4885.5833333,"ABRUZZO"
13,1,19,953.08333333,"ABRUZZO"
13,2,30,4119.25,"ABRUZZO"
13,2,61,2623.25,"ABRUZZO"
13,1,33,6274.1666667,"ABRUZZO"
13,1,56,6401.8333333,"ABRUZZO"
13,1,50,7973.5833333,"ABRUZZO"
13,2,35,5223.5,"ABRUZZO"
13,1,20,1550.8333333,"ABRUZZO"
13,1,22,2504.3333333,"ABRUZZO"
13,1,24,3401.75,"ABRUZZO"
13,1,26,3998.75,"ABRUZZO"
13,1,57,6171.3333333,"ABRUZZO"
13,1,51,7577.5833333,"ABRUZZO"
13,2,36,5211.9166667,"ABRUZZO"
13,1,21,2066.8333333,"ABRUZZO"
13,1,23,2847,"ABRUZZO"
13,1,64,2136.5833333,"ABRUZZO"
13,1,27,4468.1666667,"ABRUZZO"
13,1,58,5766.5,"ABRUZZO"
13,1,44,8456,"ABRUZZO"
13,2,24,2230.1666667,"ABRUZZO"
13,1,38,7504.6666667,"ABRUZZO"
13,1,32,6082,"ABRUZZO"
13,1,34,6618.75,"ABRUZZO"
13,1,28,4981.0833333,"ABRUZZO"
13,1,59,5245.5,"ABRUZZO"
13,2,23,1874.1666667,"ABRUZZO"
13,2,17,113.25,"ABRUZZO"
13,1,62,2879.5,"ABRUZZO"
13,1,41,7903.1666667,"ABRUZZO"
13,1,35,6887.5833333,"ABRUZZO"
13,1,29,5355,"ABRUZZO"
13,1,52,7325.0833333,"ABRUZZO"
13,1,46,8336.5833333,"ABRUZZO"
13,2,18,225.66666667,"ABRUZZO"
13,1,63,2558.1666667,"ABRUZZO"
13,1,65,1747.8333333,"ABRUZZO"
13,1,36,7066.9166667,"ABRUZZO"
13,1,30,5584.3333333,"ABRUZZO"
13,1,45,8241.75,"ABRUZZO"
13,2,25,2607.0833333,"ABRUZZO"
13,1,39,8007.4166667,"ABRUZZO"
13,2,21,1178.25,"ABRUZZO"
13,2,15,7.6666666667,"ABRUZZO"
13,1,37,7375.6666667,"ABRUZZO"
13,1,60,4478.6666667,"ABRUZZO"
13,1,54,6894.25,"ABRUZZO"
13,2,26,2924,"ABRUZZO"
13,1,40,7844,"ABRUZZO"
13,1,42,8161.0833333,"ABRUZZO"
13,2,16,29.666666667,"ABRUZZO"
13,2,27,3316.6666667,"ABRUZZO"
13,1,53,7034.9166667,"ABRUZZO"
13,1,47,8458.0833333,"ABRUZZO"
13,2,19,531.33333333,"ABRUZZO"
13,1,43,8074.5,"ABRUZZO"
13,2,20,853,"ABRUZZO"
13,1,31,5870.5,"ABRUZZO"
13,1,48,8574.6666667,"ABRUZZO"
13,1,61,3837.8333333,"ABRUZZO"
13,2,22,1570.0833333,"ABRUZZO"
13,1,49,8633.5833333,"ABRUZZO"
13,1,55,6541.25,"ABRUZZO"
13,2,28,3779.0833333,"ABRUZZO"
14,2,42,1203.1666667,"MOLISE"
14,2,37,1043.25,"MOLISE"
14,2,45,1276.5833333,"MOLISE"
14,2,41,1185.9166667,"MOLISE"
14,2,40,1164.5,"MOLISE"
14,2,50,1222.4166667,"MOLISE"
14,2,39,1219.3333333,"MOLISE"
14,2,43,1223.0833333,"MOLISE"
14,1,15,3.25,"MOLISE"
14,2,47,1380.3333333,"MOLISE"
14,2,49,1387.3333333,"MOLISE"
14,2,38,1134.4166667,"MOLISE"
14,2,53,1239.5833333,"MOLISE"
14,2,58,904.08333333,"MOLISE"
14,2,44,1282.75,"MOLISE"
14,2,46,1348.1666667,"MOLISE"
14,2,56,1081.25,"MOLISE"
14,2,32,928.83333333,"MOLISE"
14,2,55,1139.75,"MOLISE"
14,2,57,989.75,"MOLISE"
14,2,51,1245.1666667,"MOLISE"
14,1,44,1814.5833333,"MOLISE"
14,1,46,1873.5833333,"MOLISE"
14,2,31,952.08333333,"MOLISE"
14,1,16,10.166666667,"MOLISE"
14,1,18,86.25,"MOLISE"
14,2,29,848.75,"MOLISE"
14,2,52,1177.6666667,"MOLISE"
14,2,54,1213.9166667,"MOLISE"
14,2,48,1343.5833333,"MOLISE"
14,1,62,587.08333333,"MOLISE"
14,1,17,35.083333333,"MOLISE"
14,1,19,201.16666667,"MOLISE"
14,2,59,875.5,"MOLISE"
14,2,61,684.08333333,"MOLISE"
14,2,63,259.33333333,"MOLISE"
14,1,48,1912.5833333,"MOLISE"
14,2,33,984.91666667,"MOLISE"
14,2,35,1003,"MOLISE"
14,1,20,333.33333333,"MOLISE"
14,2,60,742.66666667,"MOLISE"
14,1,45,1790.0833333,"MOLISE"
14,1,47,1817.75,"MOLISE"
14,1,49,1914.0833333,"MOLISE"
14,2,34,1054.8333333,"MOLISE"
14,2,36,1083.3333333,"MOLISE"
14,2,30,861.58333333,"MOLISE"
14,1,23,606.83333333,"MOLISE"
14,1,25,805.58333333,"MOLISE"
14,2,65,125.16666667,"MOLISE"
14,1,63,538.5,"MOLISE"
14,1,26,902.58333333,"MOLISE"
14,1,28,1066.8333333,"MOLISE"
14,1,22,510.75,"MOLISE"
14,2,62,389.5,"MOLISE"
14,2,64,199.25,"MOLISE"
14,1,57,1485.5,"MOLISE"
14,1,64,509.16666667,"MOLISE"
14,1,27,960.91666667,"MOLISE"
14,1,21,427.66666667,"MOLISE"
14,1,31,1242.9166667,"MOLISE"
14,1,33,1356.6666667,"MOLISE"
14,1,56,1449,"MOLISE"
14,1,50,1830.1666667,"MOLISE"
14,1,65,380.33333333,"MOLISE"
14,2,16,4.5,"MOLISE"
14,1,30,1236.9166667,"MOLISE"
14,1,24,703,"MOLISE"
14,1,34,1451.75,"MOLISE"
14,1,36,1510.5833333,"MOLISE"
14,1,51,1715.6666667,"MOLISE"
14,2,15,0.75,"MOLISE"
14,1,29,1138.9166667,"MOLISE"
14,1,39,1794.5833333,"MOLISE"
14,1,41,1723.5,"MOLISE"
14,1,35,1478.4166667,"MOLISE"
14,1,58,1378.5,"MOLISE"
14,1,52,1758.25,"MOLISE"
14,2,24,448.83333333,"MOLISE"
14,1,38,1708.1666667,"MOLISE"
14,1,32,1368.25,"MOLISE"
14,1,42,1731.8333333,"MOLISE"
14,2,19,85.666666667,"MOLISE"
14,1,59,1263.25,"MOLISE"
14,2,23,365.58333333,"MOLISE"
14,2,17,16.333333333,"MOLISE"
14,1,60,1093.75,"MOLISE"
14,2,21,233.41666667,"MOLISE"
14,1,43,1725.25,"MOLISE"
14,1,37,1637.75,"MOLISE"
14,2,22,300.41666667,"MOLISE"
14,1,54,1624.6666667,"MOLISE"
14,2,18,49.25,"MOLISE"
14,1,40,1686.5,"MOLISE"
14,2,25,553.16666667,"MOLISE"
14,2,27,674.83333333,"MOLISE"
14,1,53,1683.5,"MOLISE"
14,2,20,155.58333333,"MOLISE"
14,1,55,1441.1666667,"MOLISE"
14,2,26,620.41666667,"MOLISE"
14,1,61,935.33333333,"MOLISE"
14,2,28,807.41666667,"MOLISE"
15,2,42,16943.083333,"CAMPANIA"
15,2,37,15593.666667,"CAMPANIA"
15,2,53,14568,"CAMPANIA"
15,2,39,16711.916667,"CAMPANIA"
15,2,40,16718.833333,"CAMPANIA"
15,2,48,17196.333333,"CAMPANIA"
15,2,56,13065.333333,"CAMPANIA"
15,2,50,16296.25,"CAMPANIA"
15,2,41,16515,"CAMPANIA"
15,2,51,15516.083333,"CAMPANIA"
15,2,43,16415.833333,"CAMPANIA"
15,2,45,16700.25,"CAMPANIA"
15,2,47,17053.666667,"CAMPANIA"
15,2,38,16199.25,"CAMPANIA"
15,2,59,10744.166667,"CAMPANIA"
15,1,44,29286.166667,"CAMPANIA"
15,1,46,29192.5,"CAMPANIA"
15,2,49,17192.25,"CAMPANIA"
15,2,46,17056.25,"CAMPANIA"
15,1,18,2002.0833333,"CAMPANIA"
15,2,58,11458.833333,"CAMPANIA"
15,2,52,15413.416667,"CAMPANIA"
15,2,54,14040.083333,"CAMPANIA"
15,2,17,358.08333333,"CAMPANIA"
15,1,15,40.333333333,"CAMPANIA"
15,2,55,13397.916667,"CAMPANIA"
15,2,57,12062,"CAMPANIA"
15,1,50,28001.333333,"CAMPANIA"
15,2,61,7764.5833333,"CAMPANIA"
15,2,63,3479.6666667,"CAMPANIA"
15,2,44,16847.916667,"CAMPANIA"
15,1,16,199.66666667,"CAMPANIA"
15,2,35,15008.833333,"CAMPANIA"
15,2,29,13219.75,"CAMPANIA"
15,2,60,9136.4166667,"CAMPANIA"
15,1,45,28544.833333,"CAMPANIA"
15,1,47,29566.25,"CAMPANIA"
15,1,62,10638.5,"CAMPANIA"
15,1,17,721.83333333,"CAMPANIA"
15,1,19,4543.75,"CAMPANIA"
15,2,30,13619.333333,"CAMPANIA"
15,1,52,26659.833333,"CAMPANIA"
15,1,54,24294.166667,"CAMPANIA"
15,2,18,1021.5,"CAMPANIA"
15,1,32,22334,"CAMPANIA"
15,1,26,16399.583333,"CAMPANIA"
15,1,20,6975.3333333,"CAMPANIA"
15,1,51,27147,"CAMPANIA"
15,2,62,4826.9166667,"CAMPANIA"
15,2,64,2544.4166667,"CAMPANIA"
15,2,19,2369.0833333,"CAMPANIA"
15,1,33,22909,"CAMPANIA"
15,2,36,15365,"CAMPANIA"
15,1,21,9188.0833333,"CAMPANIA"
15,2,32,14282.833333,"CAMPANIA"
15,2,34,14666,"CAMPANIA"
15,1,48,30046.75,"CAMPANIA"
15,1,63,8988.9166667,"CAMPANIA"
15,1,34,23946.5,"CAMPANIA"
15,1,28,19165.916667,"CAMPANIA"
15,2,31,13976.416667,"CAMPANIA"
15,1,53,24704.916667,"CAMPANIA"
15,1,55,22743.083333,"CAMPANIA"
15,1,49,29857.25,"CAMPANIA"
15,1,64,7562.1666667,"CAMPANIA"
15,1,27,17520,"CAMPANIA"
15,1,29,19919.166667,"CAMPANIA"
15,1,23,12158.75,"CAMPANIA"
15,1,25,15299.666667,"CAMPANIA"
15,2,65,1782.8333333,"CAMPANIA"
15,2,20,3718.3333333,"CAMPANIA"
15,1,65,5734.8333333,"CAMPANIA"
15,1,36,25711.416667,"CAMPANIA"
15,1,22,10764.416667,"CAMPANIA"
15,2,33,14021,"CAMPANIA"
15,1,42,28422.5,"CAMPANIA"
15,1,57,20546.416667,"CAMPANIA"
15,2,21,5120.4166667,"CAMPANIA"
15,1,35,24894.833333,"CAMPANIA"
15,1,37,26361.416667,"CAMPANIA"
15,1,31,22332.25,"CAMPANIA"
15,1,41,28077.666667,"CAMPANIA"
15,1,56,22400.75,"CAMPANIA"
15,1,58,20126.333333,"CAMPANIA"
15,2,22,6385.1666667,"CAMPANIA"
15,2,16,90.75,"CAMPANIA"
15,1,30,20930,"CAMPANIA"
15,1,24,13528.583333,"CAMPANIA"
15,2,25,9985.6666667,"CAMPANIA"
15,1,39,28648.416667,"CAMPANIA"
15,1,59,18665.416667,"CAMPANIA"
15,2,15,19.416666667,"CAMPANIA"
15,1,40,28416,"CAMPANIA"
15,1,60,16463.166667,"CAMPANIA"
15,2,24,8833.5,"CAMPANIA"
15,1,43,27919.083333,"CAMPANIA"
15,2,23,7524.8333333,"CAMPANIA"
15,2,28,12403.916667,"CAMPANIA"
15,2,27,11420.583333,"CAMPANIA"
15,1,38,27828.083333,"CAMPANIA"
15,2,26,10603.416667,"CAMPANIA"
15,1,61,13800.5,"CAMPANIA"
16,2,37,12755,"PUGLIA"
16,2,42,12618.583333,"PUGLIA"
16,2,38,13066.333333,"PUGLIA"
16,2,40,12864.416667,"PUGLIA"
16,2,48,13190.083333,"PUGLIA"
16,2,45,12855.833333,"PUGLIA"
16,2,41,12513.166667,"PUGLIA"
16,2,46,12905.25,"PUGLIA"
16,2,59,7158.5,"PUGLIA"
16,1,44,22062.416667,"PUGLIA"
16,2,39,13492,"PUGLIA"
16,2,49,12793,"PUGLIA"
16,2,54,10416.333333,"PUGLIA"
16,2,56,9399.6666667,"PUGLIA"
16,2,58,8159.1666667,"PUGLIA"
16,2,57,8589.4166667,"PUGLIA"
16,2,23,5892.0833333,"PUGLIA"
16,2,43,12313.583333,"PUGLIA"
16,2,53,10743.666667,"PUGLIA"
16,2,47,13050.083333,"PUGLIA"
16,1,19,3709.25,"PUGLIA"
16,1,50,21170.416667,"PUGLIA"
16,2,61,5337.5833333,"PUGLIA"
16,2,50,12019.416667,"PUGLIA"
16,2,44,12864.833333,"PUGLIA"
16,1,16,254.16666667,"PUGLIA"
16,1,18,1711.3333333,"PUGLIA"
16,2,29,10355.333333,"PUGLIA"
16,2,60,6499.4166667,"PUGLIA"
16,1,45,21701.166667,"PUGLIA"
16,2,51,11425.083333,"PUGLIA"
16,1,15,54.666666667,"PUGLIA"
16,2,55,9618.25,"PUGLIA"
16,1,56,16818.25,"PUGLIA"
16,2,30,10573.75,"PUGLIA"
16,1,52,20034.083333,"PUGLIA"
16,2,24,6798.75,"PUGLIA"
16,2,52,11219.583333,"PUGLIA"
16,1,32,16590.416667,"PUGLIA"
16,2,35,12215.583333,"PUGLIA"
16,1,20,5430.9166667,"PUGLIA"
16,1,51,20267.75,"PUGLIA"
16,2,62,3361.25,"PUGLIA"
16,2,17,370.41666667,"PUGLIA"
16,1,62,8009.5833333,"PUGLIA"
16,1,17,755.16666667,"PUGLIA"
16,2,36,12491.75,"PUGLIA"
16,1,21,7133.4166667,"PUGLIA"
16,2,32,11168.416667,"PUGLIA"
16,1,46,22453.833333,"PUGLIA"
16,1,38,21872.583333,"PUGLIA"
16,1,63,6873.6666667,"PUGLIA"
16,1,26,12330.333333,"PUGLIA"
16,1,57,15592.75,"PUGLIA"
16,2,31,11123.083333,"PUGLIA"
16,1,53,19122.333333,"PUGLIA"
16,2,25,7722.6666667,"PUGLIA"
16,1,39,22299.666667,"PUGLIA"
16,1,33,17423.333333,"PUGLIA"
16,1,27,13128.083333,"PUGLIA"
16,1,58,14925,"PUGLIA"
16,1,23,9262.6666667,"PUGLIA"
16,2,63,2217.0833333,"PUGLIA"
16,2,18,859.5,"PUGLIA"
16,1,40,21767.166667,"PUGLIA"
16,1,34,18648.083333,"PUGLIA"
16,1,28,13676.25,"PUGLIA"
16,1,22,8181.3333333,"PUGLIA"
16,2,33,11302.25,"PUGLIA"
16,1,47,22730.75,"PUGLIA"
16,2,19,2003.0833333,"PUGLIA"
16,1,64,5813.5,"PUGLIA"
16,1,35,19400,"PUGLIA"
16,1,29,14625.583333,"PUGLIA"
16,1,60,12267.833333,"PUGLIA"
16,1,54,18275.083333,"PUGLIA"
16,2,26,8576.6666667,"PUGLIA"
16,2,20,2985.1666667,"PUGLIA"
16,1,65,4531.1666667,"PUGLIA"
16,1,36,20429.416667,"PUGLIA"
16,1,59,13669,"PUGLIA"
16,1,24,10260.75,"PUGLIA"
16,2,64,1676.1666667,"PUGLIA"
16,2,27,9063.4166667,"PUGLIA"
16,1,41,21239,"PUGLIA"
16,2,15,21.416666667,"PUGLIA"
16,1,37,21002.083333,"PUGLIA"
16,1,31,15854.833333,"PUGLIA"
16,2,34,11763.916667,"PUGLIA"
16,1,48,22600.166667,"PUGLIA"
16,2,28,9605.75,"PUGLIA"
16,1,42,21795.583333,"PUGLIA"
16,2,16,100.08333333,"PUGLIA"
16,1,30,15283.916667,"PUGLIA"
16,1,61,10324.333333,"PUGLIA"
16,1,55,16833.5,"PUGLIA"
16,1,49,22694.75,"PUGLIA"
16,2,21,4104.5,"PUGLIA"
16,1,43,21558.166667,"PUGLIA"
16,2,22,4949.1666667,"PUGLIA"
16,1,25,11679.833333,"PUGLIA"
16,2,65,1263.9166667,"PUGLIA"
17,2,55,1893.1666667,"BASILICATA"
17,2,47,2253.4166667,"BASILICATA"
17,2,49,2259,"BASILICATA"
17,1,16,18.166666667,"BASILICATA"
17,2,56,1957.75,"BASILICATA"
17,2,50,2126.75,"BASILICATA"
17,2,52,2076.8333333,"BASILICATA"
17,2,54,2000.9166667,"BASILICATA"
17,2,48,2208.3333333,"BASILICATA"
17,1,15,5.5,"BASILICATA"
17,1,17,63.75,"BASILICATA"
17,2,57,1788.75,"BASILICATA"
17,2,51,2156.1666667,"BASILICATA"
17,2,53,2088.6666667,"BASILICATA"
17,2,63,407.91666667,"BASILICATA"
17,2,65,222.91666667,"BASILICATA"
17,1,50,3281.9166667,"BASILICATA"
17,1,18,200.58333333,"BASILICATA"
17,2,58,1591.1666667,"BASILICATA"
17,2,60,1334.8333333,"BASILICATA"
17,2,62,576.75,"BASILICATA"
17,2,64,327.5,"BASILICATA"
17,2,29,1525.1666667,"BASILICATA"
17,1,51,3367.0833333,"BASILICATA"
17,1,19,434.75,"BASILICATA"
17,2,59,1557.3333333,"BASILICATA"
17,2,61,1171,"BASILICATA"
17,1,25,1574.25,"BASILICATA"
17,1,56,2585.1666667,"BASILICATA"
17,2,30,1504.8333333,"BASILICATA"
17,1,44,3402.4166667,"BASILICATA"
17,1,20,665.25,"BASILICATA"
17,1,22,1108.3333333,"BASILICATA"
17,1,24,1431.5,"BASILICATA"
17,2,35,1669.75,"BASILICATA"
17,1,57,2692.25,"BASILICATA"
17,2,31,1648.6666667,"BASILICATA"
17,2,23,705.25,"BASILICATA"
17,1,21,842.58333333,"BASILICATA"
17,1,23,1286.3333333,"BASILICATA"
17,2,42,2056.3333333,"BASILICATA"
17,2,36,1811.75,"BASILICATA"
17,1,58,2575.3333333,"BASILICATA"
17,1,52,3174.9166667,"BASILICATA"
17,2,24,798.58333333,"BASILICATA"
17,1,38,2973.9166667,"BASILICATA"
17,2,41,1988.5,"BASILICATA"
17,1,26,1759.9166667,"BASILICATA"
17,2,37,1869.25,"BASILICATA"
17,1,59,2359.6666667,"BASILICATA"
17,1,45,3300.1666667,"BASILICATA"
17,2,17,31.25,"BASILICATA"
17,1,62,1289.5833333,"BASILICATA"
17,1,33,2470.9166667,"BASILICATA"
17,1,27,1957.0833333,"BASILICATA"
17,2,38,1897.5833333,"BASILICATA"
17,2,32,1657,"BASILICATA"
17,1,46,3362,"BASILICATA"
17,2,18,76.333333333,"BASILICATA"
17,1,32,2414.5,"BASILICATA"
17,2,43,2086.1666667,"BASILICATA"
17,1,28,2091.6666667,"BASILICATA"
17,2,39,1908.9166667,"BASILICATA"
17,1,53,3024.5,"BASILICATA"
17,2,25,1003.9166667,"BASILICATA"
17,1,39,3153.9166667,"BASILICATA"
17,1,64,893.91666667,"BASILICATA"
17,2,44,2080.0833333,"BASILICATA"
17,1,29,2245.6666667,"BASILICATA"
17,1,60,2073.1666667,"BASILICATA"
17,1,54,2880.3333333,"BASILICATA"
17,2,26,1096.5,"BASILICATA"
17,1,63,1093.8333333,"BASILICATA"
17,1,34,2554.5833333,"BASILICATA"
17,2,45,2121.0833333,"BASILICATA"
17,1,30,2229.3333333,"BASILICATA"
17,2,33,1590.9166667,"BASILICATA"
17,1,47,3219,"BASILICATA"
17,2,19,187.08333333,"BASILICATA"
17,1,41,3055.3333333,"BASILICATA"
17,1,35,2771.8333333,"BASILICATA"
17,2,46,2230.8333333,"BASILICATA"
17,2,40,1908.75,"BASILICATA"
17,2,34,1596.3333333,"BASILICATA"
17,1,48,3383.8333333,"BASILICATA"
17,1,40,3114.5833333,"BASILICATA"
17,1,65,685.75,"BASILICATA"
17,1,36,2772,"BASILICATA"
17,2,21,437.83333333,"BASILICATA"
17,1,61,1765.5833333,"BASILICATA"
17,1,55,2851.0833333,"BASILICATA"
17,2,27,1224.25,"BASILICATA"
17,2,16,8.6666666667,"BASILICATA"
17,2,15,1.6666666667,"BASILICATA"
17,1,37,3024.4166667,"BASILICATA"
17,1,31,2361,"BASILICATA"
17,1,49,3485.4166667,"BASILICATA"
17,2,20,290.58333333,"BASILICATA"
17,1,42,3150.4166667,"BASILICATA"
17,2,22,568.33333333,"BASILICATA"
17,1,43,3200.4166667,"BASILICATA"
17,2,28,1395.3333333,"BASILICATA"
18,2,47,6178.1666667,"CALABRIA"
18,2,58,4606.9166667,"CALABRIA"
18,2,50,5709.9166667,"CALABRIA"
18,1,15,20,"CALABRIA"
18,2,52,5710.25,"CALABRIA"
18,2,54,5249.8333333,"CALABRIA"
18,2,53,5490,"CALABRIA"
18,1,44,9266.8333333,"CALABRIA"
18,1,46,9088.9166667,"CALABRIA"
18,2,49,6086.5833333,"CALABRIA"
18,2,51,5572.25,"CALABRIA"
18,2,56,4891,"CALABRIA"
18,2,29,4804.9166667,"CALABRIA"
18,2,60,3871.1666667,"CALABRIA"
18,1,45,8937.0833333,"CALABRIA"
18,2,48,5913.6666667,"CALABRIA"
18,1,62,3934.25,"CALABRIA"
18,2,55,4911.6666667,"CALABRIA"
18,2,57,4695.8333333,"CALABRIA"
18,2,59,4301.5833333,"CALABRIA"
18,2,61,3351.5833333,"CALABRIA"
18,2,63,1321.8333333,"CALABRIA"
18,1,48,9204.6666667,"CALABRIA"
18,1,16,74.25,"CALABRIA"
18,1,18,607,"CALABRIA"
18,1,20,2035.0833333,"CALABRIA"
18,2,31,5315.5,"CALABRIA"
18,2,62,1967.25,"CALABRIA"
18,1,47,9157.8333333,"CALABRIA"
18,1,49,9443.5833333,"CALABRIA"
18,1,17,245.25,"CALABRIA"
18,1,19,1317.1666667,"CALABRIA"
18,2,30,5001,"CALABRIA"
18,2,32,5217.25,"CALABRIA"
18,2,34,5431.6666667,"CALABRIA"
18,2,65,606.25,"CALABRIA"
18,1,63,3362.8333333,"CALABRIA"
18,1,26,5297.8333333,"CALABRIA"
18,1,28,6214.1666667,"CALABRIA"
18,1,22,3094.5,"CALABRIA"
18,2,33,5339.5,"CALABRIA"
18,2,64,941.91666667,"CALABRIA"
18,1,57,7475.6666667,"CALABRIA"
18,1,64,2872.25,"CALABRIA"
18,1,27,5672.75,"CALABRIA"
18,1,21,2573.8333333,"CALABRIA"
18,1,23,3703.75,"CALABRIA"
18,1,25,4959.4166667,"CALABRIA"
18,1,56,8042.3333333,"CALABRIA"
18,1,50,9064.5,"CALABRIA"
18,1,65,2047.1666667,"CALABRIA"
18,2,16,41.083333333,"CALABRIA"
18,1,30,6982,"CALABRIA"
18,1,24,4334.0833333,"CALABRIA"
18,2,35,5436.3333333,"CALABRIA"
18,2,37,5750.3333333,"CALABRIA"
18,1,51,8921.4166667,"CALABRIA"
18,2,15,10.166666667,"CALABRIA"
18,1,29,6746.0833333,"CALABRIA"
18,1,31,7214,"CALABRIA"
18,2,42,5841.25,"CALABRIA"
18,2,36,5775,"CALABRIA"
18,1,58,7341.4166667,"CALABRIA"
18,1,52,9060.1666667,"CALABRIA"
18,2,24,3003.8333333,"CALABRIA"
18,1,38,8807,"CALABRIA"
18,2,41,5830.3333333,"CALABRIA"
18,2,43,5854.9166667,"CALABRIA"
18,2,45,5937,"CALABRIA"
18,1,59,6993.5833333,"CALABRIA"
18,2,23,2378.4166667,"CALABRIA"
18,2,17,135.83333333,"CALABRIA"
18,1,39,8821.5,"CALABRIA"
18,1,33,7546.5833333,"CALABRIA"
18,2,44,6258.5833333,"CALABRIA"
18,2,38,5748.8333333,"CALABRIA"
18,1,60,6252.0833333,"CALABRIA"
18,1,54,8353.4166667,"CALABRIA"
18,2,18,321.33333333,"CALABRIA"
18,1,32,7531.9166667,"CALABRIA"
18,1,34,7834.0833333,"CALABRIA"
18,1,36,8361.6666667,"CALABRIA"
18,2,39,5914,"CALABRIA"
18,1,53,8650.3333333,"CALABRIA"
18,2,25,3463,"CALABRIA"
18,2,19,672,"CALABRIA"
18,1,41,8709.4166667,"CALABRIA"
18,1,35,8189.25,"CALABRIA"
18,2,46,6102.8333333,"CALABRIA"
18,2,40,5864.8333333,"CALABRIA"
18,2,27,4119.25,"CALABRIA"
18,2,26,3864.6666667,"CALABRIA"
18,1,40,9066,"CALABRIA"
18,1,42,8839.1666667,"CALABRIA"
18,2,22,1967.5,"CALABRIA"
18,2,21,1602.8333333,"CALABRIA"
18,1,61,5219.25,"CALABRIA"
18,1,55,7722.6666667,"CALABRIA"
18,2,28,4572.8333333,"CALABRIA"
18,1,43,8780.1666667,"CALABRIA"
18,1,37,8642.3333333,"CALABRIA"
18,2,20,1135.1666667,"CALABRIA"
19,2,58,10196.916667,"SICILIA"
19,2,53,12793,"SICILIA"
19,1,44,25805.5,"SICILIA"
19,2,47,15618.75,"SICILIA"
19,2,56,11434.75,"SICILIA"
19,1,18,1565.9166667,"SICILIA"
19,2,29,10439.416667,"SICILIA"
19,2,60,8291.4166667,"SICILIA"
19,2,59,9612.4166667,"SICILIA"
19,2,17,244.83333333,"SICILIA"
19,1,15,27.833333333,"SICILIA"
19,2,55,11480.916667,"SICILIA"
19,2,54,12013.25,"SICILIA"
19,1,50,23794.666667,"SICILIA"
19,2,61,7485.5,"SICILIA"
19,1,46,25170.833333,"SICILIA"
19,2,57,10611.833333,"SICILIA"
19,1,16,155.33333333,"SICILIA"
19,2,35,13016.666667,"SICILIA"
19,1,20,5152.1666667,"SICILIA"
19,1,51,23340.666667,"SICILIA"
19,1,45,24760.5,"SICILIA"
19,2,48,15643.083333,"SICILIA"
19,1,62,9957.6666667,"SICILIA"
19,1,17,579.75,"SICILIA"
19,1,19,3418,"SICILIA"
19,2,30,10601.083333,"SICILIA"
19,1,52,22573.5,"SICILIA"
19,2,63,3451.6666667,"SICILIA"
19,2,18,687.66666667,"SICILIA"
19,1,32,18634,"SICILIA"
19,1,26,13421.583333,"SICILIA"
19,2,37,13501.666667,"SICILIA"
19,2,31,11331.666667,"SICILIA"
19,2,62,4870.1666667,"SICILIA"
19,1,47,24870.333333,"SICILIA"
19,2,19,1675.0833333,"SICILIA"
19,1,33,19578.166667,"SICILIA"
19,2,36,13319.916667,"SICILIA"
19,1,21,7123.4166667,"SICILIA"
19,2,32,11655.083333,"SICILIA"
19,1,54,20743.833333,"SICILIA"
19,2,49,15354.75,"SICILIA"
19,1,63,8523.3333333,"SICILIA"
19,1,34,20040.583333,"SICILIA"
19,1,28,15377.916667,"SICILIA"
19,1,22,8453.1666667,"SICILIA"
19,1,53,21724.416667,"SICILIA"
19,2,64,2487.6666667,"SICILIA"
19,2,50,14432.916667,"SICILIA"
19,1,64,7103.75,"SICILIA"
19,1,27,14586.25,"SICILIA"
19,2,38,13838.416667,"SICILIA"
19,1,23,9801.5833333,"SICILIA"
19,2,34,12562.166667,"SICILIA"
19,1,48,24725.666667,"SICILIA"
19,2,20,2800.6666667,"SICILIA"
19,1,65,5603.6666667,"SICILIA"
19,1,36,21688.166667,"SICILIA"
19,2,39,14477.833333,"SICILIA"
19,2,33,12050.75,"SICILIA"
19,1,55,19561.083333,"SICILIA"
19,1,49,24999,"SICILIA"
19,2,21,3996.4166667,"SICILIA"
19,1,35,20917.25,"SICILIA"
19,1,29,16376.416667,"SICILIA"
19,2,40,14486.333333,"SICILIA"
19,1,25,12595,"SICILIA"
19,2,65,1747.4166667,"SICILIA"
19,2,51,14049.25,"SICILIA"
19,2,22,4961.5,"SICILIA"
19,2,16,55.666666667,"SICILIA"
19,1,30,16974.416667,"SICILIA"
19,1,24,11185.75,"SICILIA"
19,2,43,15153.083333,"SICILIA"
19,1,57,18221.666667,"SICILIA"
19,2,52,13470,"SICILIA"
19,2,15,10.25,"SICILIA"
19,1,37,22706.583333,"SICILIA"
19,1,31,18126.166667,"SICILIA"
19,2,42,15230.083333,"SICILIA"
19,1,56,19402.166667,"SICILIA"
19,1,58,18036.75,"SICILIA"
19,1,60,14647.666667,"SICILIA"
19,2,24,6920.9166667,"SICILIA"
19,1,38,23628.833333,"SICILIA"
19,2,41,14686.5,"SICILIA"
19,1,42,24637.5,"SICILIA"
19,2,45,15204.166667,"SICILIA"
19,1,59,16810.833333,"SICILIA"
19,2,23,5964.9166667,"SICILIA"
19,2,25,7812.5833333,"SICILIA"
19,1,39,24392.083333,"SICILIA"
19,1,41,23982.916667,"SICILIA"
19,2,44,15453.666667,"SICILIA"
19,2,46,15703.666667,"SICILIA"
19,2,28,10001.5,"SICILIA"
19,2,27,9120.5,"SICILIA"
19,2,26,8314.5833333,"SICILIA"
19,1,40,24237,"SICILIA"
19,1,61,12883.416667,"SICILIA"
19,1,43,24284.833333,"SICILIA"
20,2,59,4420.4166667,"SARDEGNA"
20,2,53,6107.9166667,"SARDEGNA"
20,2,29,4356.4166667,"SARDEGNA"
20,1,16,49.5,"SARDEGNA"
20,1,18,425.91666667,"SARDEGNA"
20,1,15,14,"SARDEGNA"
20,2,23,2157.6666667,"SARDEGNA"
20,1,50,9067.3333333,"SARDEGNA"
20,1,44,9407.5833333,"SARDEGNA"
20,2,47,7403.0833333,"SARDEGNA"
20,1,19,813.83333333,"SARDEGNA"
20,2,41,7060.75,"SARDEGNA"
20,2,35,6202.4166667,"SARDEGNA"
20,1,20,1246.25,"SARDEGNA"
20,2,60,3769.75,"SARDEGNA"
20,2,54,5900.9166667,"SARDEGNA"
20,2,17,96.75,"SARDEGNA"
20,1,62,3351,"SARDEGNA"
20,1,17,160.41666667,"SARDEGNA"
20,1,56,7704.5,"SARDEGNA"
20,2,30,4754.8333333,"SARDEGNA"
20,2,61,3328.25,"SARDEGNA"
20,2,24,2471.8333333,"SARDEGNA"
20,1,38,8975.8333333,"SARDEGNA"
20,1,32,6428.1666667,"SARDEGNA"
20,1,26,4072.8333333,"SARDEGNA"
20,1,57,7287.3333333,"SARDEGNA"
20,1,51,8835.5833333,"SARDEGNA"
20,1,45,9017.0833333,"SARDEGNA"
20,2,48,7187.6666667,"SARDEGNA"
20,1,39,9470.1666667,"SARDEGNA"
20,2,42,7195.9166667,"SARDEGNA"
20,2,36,6286.3333333,"SARDEGNA"
20,1,21,1781.25,"SARDEGNA"
20,1,52,8608.3333333,"SARDEGNA"
20,2,55,5606.9166667,"SARDEGNA"
20,2,18,285.91666667,"SARDEGNA"
20,1,63,2761.0833333,"SARDEGNA"
20,2,43,7056,"SARDEGNA"
20,2,37,6587.8333333,"SARDEGNA"
20,2,31,5141.75,"SARDEGNA"
20,2,62,1971.4166667,"SARDEGNA"
20,2,25,2885,"SARDEGNA"
20,2,19,567.33333333,"SARDEGNA"
20,1,33,7025.25,"SARDEGNA"
20,1,27,4398.5,"SARDEGNA"
20,1,58,6802.8333333,"SARDEGNA"
20,2,32,5335.75,"SARDEGNA"
20,1,46,9412.4166667,"SARDEGNA"
20,2,49,7253.5,"SARDEGNA"
20,1,40,9509.1666667,"SARDEGNA"
20,1,34,6974.75,"SARDEGNA"
20,1,28,5006.0833333,"SARDEGNA"
20,1,22,2306.5,"SARDEGNA"
20,1,53,8388.8333333,"SARDEGNA"
20,2,56,5608.25,"SARDEGNA"
20,2,50,6965.6666667,"SARDEGNA"
20,1,64,2310.3333333,"SARDEGNA"
20,2,44,7324,"SARDEGNA"
20,2,38,7027,"SARDEGNA"
20,1,23,2775.5,"SARDEGNA"
20,2,63,1212.4166667,"SARDEGNA"
20,2,26,3230.9166667,"SARDEGNA"
20,2,20,860,"SARDEGNA"
20,1,65,1863.8333333,"SARDEGNA"
20,2,45,7216.25,"SARDEGNA"
20,1,59,6419.5,"SARDEGNA"
20,2,33,5552.1666667,"SARDEGNA"
20,1,47,9562.3333333,"SARDEGNA"
20,2,27,3587.3333333,"SARDEGNA"
20,1,41,9292.25,"SARDEGNA"
20,1,35,7983.0833333,"SARDEGNA"
20,1,29,5346.4166667,"SARDEGNA"
20,1,60,5571.1666667,"SARDEGNA"
20,1,54,8057.4166667,"SARDEGNA"
20,2,57,5228.25,"SARDEGNA"
20,2,51,6630.4166667,"SARDEGNA"
20,1,42,9163.9166667,"SARDEGNA"
20,1,36,8169,"SARDEGNA"
20,2,39,7157.9166667,"SARDEGNA"
20,1,24,3170.6666667,"SARDEGNA"
20,2,64,846.41666667,"SARDEGNA"
20,2,58,4752.0833333,"SARDEGNA"
20,2,21,1190.5833333,"SARDEGNA"
20,2,15,5.1666666667,"SARDEGNA"
20,2,46,7281.5833333,"SARDEGNA"
20,2,40,7262.8333333,"SARDEGNA"
20,2,34,5763.0833333,"SARDEGNA"
20,1,48,9555.5,"SARDEGNA"
20,2,28,4064.8333333,"SARDEGNA"
20,2,22,1643.8333333,"SARDEGNA"
20,2,16,24.833333333,"SARDEGNA"
20,1,30,5735.5,"SARDEGNA"
20,1,61,4806.0833333,"SARDEGNA"
20,1,55,7785.1666667,"SARDEGNA"
20,1,49,9623.75,"SARDEGNA"
20,2,52,6579,"SARDEGNA"
20,1,43,9105.8333333,"SARDEGNA"
20,1,37,8364.5833333,"SARDEGNA"
20,1,31,6248.8333333,"SARDEGNA"
20,1,25,3612.8333333,"SARDEGNA"
20,2,65,665.41666667,"SARDEGNA"
